Overvaluation (FCF),,1.185023632,0.990484989,0.975448295,1.032769041,0.721950865,0.94296436,0.918631433,0.840442374,0.957596818,1.375945413,1.449419788,1.207387143,1.296289605
Overvaluation (Earnings),,1.318703589,1.104567451,0.966282789,0.903265885,0.625868534,0.923920392,0.950965057,0.878009466,0.99783508,1.37795632,1.488947169,1.283383815,1.374760264
FCF/PRICE,,73.97343731,67.58709677,93.96894649,63.59108159,101.4772332,59.2355147,70.5561993,66.57286186,66.77436726,53.46167558,36.29503408,47.25172597,36.01373023
P/E,,23.05337079,19.47236181,15.40118577,15.05714286,11.76687117,18.28982301,15.3285968,13.71308725,14.6914557,20.87053571,21.93858478,19.87335092,22.38161209
Market cap,,63.482786,58.511725,57.228675,59.669891,39.872918,58.745302,61.443874,56.799898,63.796307,93.027825,104.364562,91.789471,106.8866
capital invested/free cash flow (3 years,,5.298892989,2.718512257,53.31213873,3.334348819,1.506779363,5.796728972,6.022078621,3.063168619,3.319460067,53.96818182,-10.59951456,14.6996904,5.02373212
Price,,82.07,77.5,77.93,84.32,57.54,82.67,86.3,81.73,92.85,140.25,164.32,150.64,177.71
Outcome short,,,-0.055684172,0.005548387,0.081996664,-0.31759962,0.436739659,0.04390952,-0.052954809,0.136057751,0.510500808,0.171622103,-0.083252191,0.179699947
Outcome long,,,,-0.050444742,0.088,-0.261645066,-0.019568311,0.499826208,-0.011370509,0.07589803,0.716016151,0.769736134,0.074081996,0.081487342
capital allocation gap,,0.911305582,1.095623216,1.275071633,1.422750824,0.992720053,0.475814612,0.665829146,1.066426949,1.004339623,1.479628675,1.412767884,1.442367601,1.183183625
%dividends,,0.266083254,0.305899144,0.358426674,0.325011776,0.30840503,0.289617486,0.289911094,0.294284633,0.308490566,0.29740416,0.334440085,0.398909657,0.389044323
% capital expenditure,,0.221617786,0.224310181,0.304245897,0.334903439,0.324509155,0.182756527,0.210862002,0.260976533,0.28,0.286230015,0.225324479,0.227570093,0.210572817
% repurchase,,0.423604541,0.565413892,0.612399062,0.76283561,0.359805868,0.003440599,0.165056049,0.511165783,0.415849057,0.895994499,0.85300332,0.81588785,0.583566485
free cash flow trend 3 year,,0.295580436,0.453668414,0.246672762,0.117893205,0.033838591,0.118083286,0.19196029,0.220399429,0.148542274,0.119675041,0.152217676,0.197042772,0.209499421
capital invested/free cash flow (1 year),,2.747078464,1.387069332,-1.226354454,0.587843464,3.499428571,4.82437276,4.002941176,1.343771507,5.870769231,-9.655813953,-6.368486352,2.793802817,4.120676403
net margins,,0.142,0.147,0.168,0.1674,0.1369,0.1381,0.1532,0.1446,0.1486,0.1509,0.1557,0.1596,0.164
cash flow growth,,0.295580436,0.453668414,0.246672762,0.117893205,0.033838591,0.118083286,0.19196029,0.220399429,0.148542274,0.119675041,0.152217676,0.197042772,0.209499421
Overvaluation (FCF),,1.304915707,1.294272779,1.153929245,0.981507742,0.361677854,0.879238385,0.995653341,1.091395537,1.224144266,1.755612719,1.550362613,1.030976693,1.099242098
Overvaluation (Earnings),,1.267454118,1.195153041,1.176042095,0.944340441,0.377687791,0.943318562,1.068119643,1.038741273,1.119071072,1.530079583,1.355974486,0.964375066,1.043386806
FCF/PRICE,,0,0,0,0,0,0,0,0,0,0,0,0,0
P/E,,18.41791045,17.32659933,20.2909699,15.48214286,7.995689655,26.31168831,12.8119403,11.44902913,14.77634961,18.59221311,16.73381295,13.77227723,13.34513274
Market cap,,61.65064,63.86186,72.74333,60.23916,21.51596,48.29984,51.37524,54.90588,63.5154,96.53672,95.17992,67.39395,69.01025
capital invested/free cash flow (3 years,,0.48491735,-0.288658443,-0.371256849,0.661375514,-10.0940133,-0.811813969,0.980451128,0.780185868,3.48147574,582.8684211,3.9183297,3.453323089,-4.544708348
Price,,49.36,51.46,60.67,52.02,18.55,40.52,42.92,47.17,57.48,90.73,93.04,69.55,75.4
Outcome short,,,0.042544571,0.17897396,-0.142574584,-0.643406382,1.184366577,0.05923001,0.099021435,0.218571126,0.578462074,0.025460157,-0.252472055,0.08411215
Outcome long,,,,0.229132901,0.010882239,-0.694247569,-0.22106882,1.313746631,0.164116486,0.339235788,0.923468306,0.618649965,-0.233439877,-0.189595873
capital allocation gap,,0.415399759,0.207085146,0.472453907,0.508185137,0.261289078,0.267634527,0.267499141,0.445331695,0.834086416,0.688896689,0.602820746,0.637349617,0.903659447
%dividends,,0.058514711,0.074207582,0.072541703,0.083853492,0.107551782,0.14581032,0.099324092,0.088144963,0.127365151,0.10986311,0.094722475,0.106817353,0.148867314
% capital expenditure,,0.080936235,0.042883779,0.082748025,0.103992463,0.125691496,0.121824207,0.100584259,0.121723997,0.148686812,0.117702118,0.108735214,0.122220197,0.178864824
% repurchase,,0.275948813,0.089993785,0.317164179,0.320339183,0.0280458,0,0.067590789,0.235462735,0.558034454,0.461331461,0.399363057,0.408312067,0.575927309
free cash flow trend 3 year,,0.067831287,-0.030711022,0.590469279,0.26003439,0.286424009,-0.140646388,-0.10952121,-0.021358764,0.131764081,0.112001401,0.071877265,0.192736229,0.18108438
capital invested/free cash flow (1 year),,0.437314598,-0.095942982,0.58166887,0.355281591,-0.287126621,-5.990312164,0.364417007,1.290463297,-30.60406091,32.0893617,1.71002095,4.628063431,-0.845010888
net margins,,0.1634,0.1665,0.1493,0.1456,0.0952,0.0869,0.1471,0.1647,0.142,0.163,0.1721,0.1573,0.1687
cash flow growth,,0.067831287,-0.030711022,0.590469279,0.26003439,0.286424009,-0.140646388,-0.10952121,-0.021358764,0.131764081,0.112001401,0.071877265,0.192736229,0.18108438
Overvaluation (FCF),,2.794759615,3.236155949,3.996155509,1.57919508,1.650839557,1.593441622,1.361702805,1.561670952,0.880378297,1.097184747,1.016044986,0.943953851,0.923893775
Overvaluation (Earnings),,5.977743217,4.645754664,4.931847398,2.136094724,2.063424796,1.759740737,1.506334389,1.63443771,0.941262467,1.149135333,1.059594836,0.973846118,0.950857
FCF/PRICE,,455.2219321,588.2727273,424.2244526,699.5689655,434.5166163,511.149482,513.4936662,404.4281217,640.9925121,629.7568238,730.8250227,698.858912,677.5233685
P/E,,34.66063348,33.95061728,39.07308378,16.75954592,20.41634541,18.73382625,13.77592312,15.10301109,11.99119718,15.62015504,11.96312364,13.60409146,14.06634499
Market cap,,44.773772,65.85524,133.850096,100.706351,23.826969,37.133424,50.617882,89.506713,61.245193,591.01562,615.336125,603.254019,621.80103
capital invested/free cash flow (3 years,,-25.46774194,6.67053701,9.308724832,6.960963855,1.838992333,1.293588861,1.111763292,1.106257542,1.924221585,3.89290112,3.623185849,5.338362671,23.58679475
Price,,7.66,11,21.92,16.24,26.48,40.54,54.47,95.3,68.11,100.75,110.3,113.05,116.61
Outcome short,,,0.436031332,0.992727273,-0.259124088,0.630541872,0.530966767,0.343611248,0.749586929,-0.285309549,0.479224783,0.094789082,0.024932004,0.031490491
Outcome long,,,,1.861618799,0.476363636,0.208029197,1.496305419,1.057024169,1.350764677,0.250413071,0.057187828,0.619439143,0.122084367,0.057207616
capital allocation gap,,0.102564103,0.455855856,0.180804388,0.137869946,0.119401516,0.11406292,0.198566442,0.233797389,0.791935304,1.104265403,0.7174218,0.841942149,0.841942149
%dividends,,0,0,0,0,0,0,0,0.048922448,0.196847166,0.186324586,0.142261216,0.184583131,0.184583131
% capital expenditure,,0.102564103,0.295945946,0.180255941,0.124947895,0.119401516,0.11406292,0.198566442,0.184874941,0.169120113,0.164336074,0.141362932,0.205821585,0.205821585
% repurchase,,0,0.15990991,0.000548446,0.012922051,0,0,0,0,0.425968024,0.753604743,0.433797652,0.451537433,0.451537433
free cash flow trend 3 year,,2.290718039,9.104795737,6.793445122,3.599787121,3.43399543,2.750611247,2.834490339,3.241030723,2.704067797,1.477784651,0.819452234,0.455836284,0.296398453
capital invested/free cash flow (1 year),,-13.62275449,1.825934579,118,4.122238586,0.909886086,1.010055181,0.89493573,0.902272332,3.095882802,2.432010917,2.811361805,7.072926532,#DIV/0!
net margins,,0.0953,0.103,0.1422,0.1632,0.1919,0.2148,0.2395,0.2667,0.2167,0.2161,0.2285,0.2119,0.2119
cash flow growth,,2.290718039,9.104795737,6.793445122,3.599787121,3.43399543,2.750611247,2.834490339,3.241030723,2.704067797,1.477784651,0.819452234,0.455836284,0.296398453
Overvaluation (FCF),,1.143618063,1.35798015,1.421995142,1.090673783,0.476731271,0.580286605,1.047160483,1.196903373,1.195861227,1.725258722,1.428645498,1.29557262,1.160646991
Overvaluation (Earnings),,2.009796003,1.841035228,2.125322969,1.495850405,0.69082765,0.926001974,1.145867199,1.090784587,1.016606047,1.586634527,1.319801017,1.341289974,1.35076863
FCF/PRICE,,446.1271006,400.4271071,334.3201261,360.599131,721.1858449,607.4819878,542.3689856,562.6993865,596.8949045,377.2144479,371.0801662,348.6548171,305.8278146
P/E,,22.50869565,21.95,31.17192982,16.56439394,11.626703,29.41847826,14.66516854,13.73595506,14.74755382,22.90100671,17.61246612,19.43413978,24.09574468
Market cap,,43.081959,56.203941,70.071662,67.172778,43.193134,39.330858,47.983068,54.623745,56.944277,102.009896,91.860765,96.386586,97.85165
capital invested/free cash flow (3 years,,-12.56060606,-2.389876543,-0.973449417,-2.439721793,2.795024876,-50.95854922,1.3632946,0.900874328,1.289497598,-9.236686391,14.80725806,3.23253112,-27.00373599
Price,,51.77,70.24,88.84,87.46,42.67,54.13,65.26,73.35,75.36,136.49,129.98,144.59,158.55
Outcome short,,,0.35677033,0.264806378,-0.015533543,-0.512119826,0.268572768,0.205616109,0.123965676,0.027402863,0.811173036,-0.047695802,0.112401908,0.096548862
Outcome long,,,,0.716051767,0.245159453,-0.519698334,-0.381088498,0.529411765,0.355071125,0.154765553,0.860804363,0.724787686,0.059345007,0.219803047
capital allocation gap,,0.755136986,0.749142857,0.578077077,0.603505843,-14.91521197,0.438336605,0.806233062,0.735023614,0.403835908,0.795451767,1.168661097,1.248638257,1.16632672
%dividends,,0.184931507,0.117142857,0.127483664,0.114357262,-2.972568579,0.217740496,0.424457995,0.309221974,0.176078849,0.17936178,0.238767216,0.265940404,0.249582793
% capital expenditure,,0.355593607,0.221,0.224163222,0.199603506,-4.618453865,0.211672318,0.381775068,0.425801641,0.227757059,0.273627583,0.252427184,0.261668269,0.24448359
% repurchase,,0.214611872,0.411,0.226430191,0.289545075,-7.324189526,0.008923791,0,0,0,0.342462404,0.677466697,0.721029585,0.672260337
free cash flow trend 3 year,,-0.349377335,-0.061043206,0.660946582,1.304813858,0.262544464,-0.17869244,-0.661420919,-0.246013667,-0.020492358,1.417218543,0.95142312,0.822826762,0.471689498
capital invested/free cash flow (1 year),,-6.46991404,-1.473385571,-0.570559969,3.152897657,-1.419659735,-2.481460674,0.387802805,0.482556925,1.988340192,-1.338967771,1.166461159,19.86494253,-7.079930495
net margins,,0.0357,0.048,0.036,0.0614,0.0439,0.0192,0.0514,0.0585,0.0477,0.0529,0.06,0.0539,0.0452
cash flow growth,,-0.349377335,-0.061043206,0.660946582,1.304813858,0.262544464,-0.17869244,-0.661420919,-0.246013667,-0.020492358,1.417218543,0.95142312,0.822826762,0.471689498
Overvaluation (FCF),,#DIV/0!,4.873085745,1.268333941,1.103088027,0.745806652,0.885405963,2.089993131,1.457014845,2.297658185,1.585108213,1.424049626,0.894487,1.24391064
Overvaluation (Earnings),,1.770175436,1.516020824,1.144117076,1.064394375,0.574505465,0.876919694,1.436615405,1.335949942,1.090040863,1.048534167,1.01760156,0.849529575,1.552260229
FCF/PRICE,,326.4766202,334.637355,323.202348,306.5738699,573.6512201,332.9531497,235.1057015,312.99117,328.255775,300.5946482,304.5668087,387.0364921,271.847791
P/E,,16.93055556,14.29950495,11.86266925,13.51210428,7.892226148,39.85314685,22.5686747,12.24324324,10.56721698,15.79304348,15.56632653,19.41714286,88.6
Market cap,,33.443021,38.75616,39.607527,45.276714,26.870345,35.602793,59.831881,58.666218,58.699031,57.920434,55.48274,39.574467,54.4293
capital invested/free cash flow (3 years,,-3.170957096,-4.135554837,-0.52290426,1.545824487,1.06018741,2.835324978,-7.143139191,0.696869489,0.355368206,5.184364061,-2.28835289,-2.392289073,-2.375
Price,,48.76,57.77,61.33,72.56,44.67,56.99,93.66,90.6,89.61,90.81,91.53,67.96,93.03
Outcome short,,,0.184782609,0.06162368,0.183107778,-0.384371555,0.275800313,0.643446219,-0.032671365,-0.010927152,0.013391363,0.007928642,-0.257511199,0.368893467
Outcome long,,,,0.257793273,0.256015233,-0.271645198,-0.214581036,1.096709201,0.589752588,-0.043241512,0.002317881,0.02142618,-0.25162427,0.016388069
capital allocation gap,,-0.79854673,1.515258593,1.139679255,0.790697674,1.421018836,0.538698261,0.732681174,0.730631019,1.291087963,0.74153665,1.146456497,1.055131086,0.877900935
%dividends,,-0.133801052,0.198522326,0.125193999,0.106222502,0.203981164,0.158332051,0.216410461,0.166594797,0.311921296,0.109017761,0.201067395,0.263220974,0.311049532
% capital expenditure,,-0.529691807,0.775778991,0.461286429,0.382149591,0.831763699,0.38036621,0.516270713,0.564036223,0.979166667,0.436267295,0.419386869,0.488539326,0.565292691
% repurchase,,-0.135053871,0.540957276,0.553198827,0.302325581,0.385273973,0,0,0,0,0.196251595,0.526002234,0.303370787,0.001558711
free cash flow trend 3 year,,-3.044002411,-78.25,-1.648694964,-2.243512238,-3.839574665,2.886608413,-0.04073042,0.002116574,-0.103314859,0.380222497,0.268995397,0.453236152,-0.081766076
capital invested/free cash flow (1 year),,-2.253599114,1.827225131,0.784136546,2.946642686,0.118088942,-1.248682171,1.095388788,0.266146016,0.025346163,-2.255594817,-2.276399027,-0.915526951,-3.414965986
net margins,,0.0671,0.0785,0.0852,0.0788,0.0693,0.0276,0.0634,0.0819,0.0862,0.0681,0.067,0.0447,0.015
cash flow growth,,-3.044002411,-78.25,-1.648694964,-2.243512238,-3.839574665,2.886608413,-0.04073042,0.002116574,-0.103314859,0.380222497,0.268995397,0.453236152,-0.081766076
Overvaluation (FCF),,1.388773889,1.203436381,1.336894552,1.390667302,1.076478216,1.119878496,1.165491963,1.165257186,1.261467806,1.414266,1.496159291,#DIV/0!,#DIV/0!
Overvaluation (Earnings),,1.2603513,1.079504467,1.180519253,1.311127741,0.887073971,0.91648688,1.046181068,1.137026683,0.992965895,1.145557843,0.997288856,1.026129944,1.576308019
FCF/PRICE,,357.9318225,440.567201,386.3593091,362.1343619,432.9187508,340.4468113,317.939726,315.7894737,316.3676715,264.3343207,284.5961847,283.0924855,210.4260566
P/E,,8.361464968,8.680428135,9.426923077,10.64196123,6.338474722,14.69274809,9.625527426,7.916666667,8.118618619,11.26330027,11.06311637,36.71836735,-146.9875
Market cap,,110.644871,126.749811,159.160097,195.099832,148.252893,154.574363,183.18255,210.796488,210.516138,239.027776,210.859137,169.377588,221.9828
capital invested/free cash flow (3 years,,1.747015749,0.894815115,1.040959384,1.754937268,1.073333582,0.784127963,0.96712204,0.85728963,0.949698804,0.438222462,0.022133493,-0.721400017,-3.355050351
Price,,52.51,56.77,73.53,93.33,73.97,76.99,91.25,106.4,108.14,124.91,112.18,89.96,117.59
Outcome short,,,0.081127404,0.295226352,0.269277846,-0.20743598,0.040827362,0.18521886,0.166027397,0.016353383,0.155076752,-0.101913378,-0.198074523,0.307136505
Outcome long,,,,0.400304704,0.644002114,0.005983952,-0.175077681,0.23360822,0.381997662,0.18509589,0.173966165,0.037358979,-0.279801457,0.048226065
capital allocation gap,,0.765827093,0.761701069,0.933273034,1.115346118,1.068068305,1.28926857,0.816068125,0.87185789,1.080181387,1.42714702,1.516981732,1.916375411,2.152363368
%dividends,,0.223076923,0.192787864,0.180734284,0.191816471,0.174203564,0.273679864,0.180806277,0.149312568,0.176337215,0.213530655,0.251882446,0.410773026,0.591285081
% capital expenditure,,0.429543907,0.432777916,0.567898697,0.667734316,0.663674406,1.024260569,0.625502328,0.644847305,0.797124601,1.085223702,1.124924543,1.516447368,1.591506647
% repurchase,,0.113206263,0.13613529,0.184640053,0.255795332,0.230190335,-0.008671863,0.00975952,0.077698017,0.106719571,0.128392663,0.140174742,-0.010844984,-0.03042836
free cash flow trend 3 year,,0.130081052,0.35113431,0.75346285,0.878450796,0.675482912,0.251429345,0.157827246,0.163305123,0.503892839,0.429945619,0.146664198,-0.227644907,-0.438938638
capital invested/free cash flow (1 year),,2.341436155,0.438497328,3.395799677,0.587706253,0.785466583,-0.046971817,0.982265351,0.801086778,0.442260166,-0.111882079,-0.235929437,-1.46728972,27.2414966
net margins,,0.0858,0.0711,0.0816,0.0846,0.0877,0.0611,0.0928,0.106,0.1082,0.0936,0.0908,0.0331,-0.0134
cash flow growth,,0.130081052,0.35113431,0.75346285,0.878450796,0.675482912,0.251429345,0.157827246,0.163305123,0.503892839,0.429945619,0.146664198,-0.227644907,-0.438938638
Overvaluation (FCF),,1.094257737,0.937970093,1.279595567,0.859585013,0.815956544,0.831090856,0.596151261,0.620835532,0.940255072,0.928192554,1.029971619,1.067237471,1.071882245
Overvaluation (Earnings),,1.432564609,1.213739624,1.465901994,1.00958414,0.944653372,0.955260903,0.690369704,0.671453308,0.999117683,0.927523934,1.023186167,1.046933263,1.012088334
FCF/PRICE,,496.6579634,632.7181208,462.0546524,630.1955434,620.3998183,833.680104,1096.180338,1111.661442,859.5545135,785.136742,823.7860662,815.9515231,769.5392774
P/E,,22.01149425,20.08988764,24.70940171,16.78625954,20.96190476,17.34586466,13.64957265,10.70469799,13.75806452,16.93288591,16.24,14.46919431,14.4354067
Market cap,,121.23865,108.533924,176.087341,129.58707,127.32785,130.46085,86.79695,84.5031,137.90451,128.84961,144.5157,153.53537,151.44613
capital invested/free cash flow (3 years,,-1.490883357,-5.084531482,2.431748058,6.01863912,16.26765376,8.506038292,4.873825018,8.67979243,8.657916783,4.210285714,35.5375,-15.80653951,14.12749316
Price,,19.15,17.88,28.91,21.99,22.01,23.07,15.97,15.95,25.59,25.23,28.42,30.53,30.17
Outcome short,,,-0.066318538,0.61689038,-0.239363542,0.000909504,0.048159927,-0.307758994,-0.001252348,0.604388715,-0.014067995,0.126436782,0.07424349,-0.01179168
Outcome long,,,,0.509660574,0.229865772,-0.23867174,0.049113233,-0.274420718,-0.308625921,0.602379461,0.581818182,0.110590074,0.21006738,0.061576355
capital allocation gap,,1.443842495,1.147866819,0.884006334,0.968566465,0.466403961,0.872112455,0.847802361,0.625446001,0.56173414,1.171423938,0.767766093,0.722549742,0.729348308
%dividends,,0,0,0,0,0,0,0.065284254,0.130623967,0.256708547,0.304735647,0.325525813,0.350036846,0.368701049
% capital expenditure,,0.091437632,0.09773389,0.123812352,0.104888742,0.101545923,0.099085815,0.11647981,0.097989731,0.089964324,0.103389556,0.097753346,0.084450995,0.085636176
% repurchase,,1.352404863,1.050132928,0.760193983,0.863677724,0.364858038,0.773026639,0.666038297,0.396832304,0.215061269,0.763298735,0.344486934,0.288061901,0.275011083
free cash flow trend 3 year,,0.042311715,0.2398046,0.349535571,0.509960359,0.42066584,0.257635603,0.001894191,-0.010813337,0.071675114,0.217851338,0.190120657,0.115772981,0.080044666
capital invested/free cash flow (1 year),,-0.694194851,1.21393289,2.509353741,11.69837838,10.70036101,3.57449298,3.000336927,33.6525974,3.585090131,2.402651021,-3.109555189,8.627777778,11.07878245
net margins,,0.2315,0.1959,0.21,0.2036,0.1698,0.194,0.1502,0.1746,0.2054,0.1666,0.1827,0.2181,0.2173
cash flow growth,,0.042311715,0.2398046,0.349535571,0.509960359,0.42066584,0.257635603,0.001894191,-0.010813337,0.071675114,0.217851338,0.190120657,0.115772981,0.080044666
Overvaluation (FCF),,1.237985829,1.108358757,1.144878273,1.377114302,1.006438135,1.162704728,1.228796249,1.19564008,1.142010865,1.211741736,1.129516442,1.088076126,1.099828146
Overvaluation (Earnings),,1.268449198,1.08791254,1.181837016,1.297470071,0.926731344,1.079514226,1.030120679,0.993804289,0.956100761,1.092258001,1.142043461,1.252470115,1.289283432
FCF/PRICE,,534.7262248,487.8968254,368.4210526,430.9221245,573.6749117,481.4385965,562.7242323,693.9982852,767.4758621,673.2268216,766.7929891,626.8389199,665.6766467
P/E,,20.82,19.76470588,22.34259259,23.88326848,18.18473896,19.45392491,13,18.91351351,18.40101523,21.74210526,26.3875,25.7245509,25.3030303
Market cap,,100.324918,95.51808,111.86668,142.27884,104.75777,131.271,150.76776,158.36474,162.00125,181.84662,184.33252,185.75904,180.06606
capital invested/free cash flow (3 years,,-11.65084746,-13.37478261,3.092656282,1.427419355,3.847382649,17298,0.931251218,1.260380677,-17.06122449,70.034375,-6.286833856,20.29890848,8.719521605
Price,,20.82,20.16,24.13,30.69,22.64,28.5,32.89,34.99,36.25,41.31,42.22,42.96,41.75
Outcome short,,,-0.031700288,0.196924603,0.271860754,-0.262300424,0.258833922,0.154035088,0.063849194,0.036010289,0.139586207,0.022028565,0.017527238,-0.028165736
Outcome long,,,,0.158981748,0.522321429,-0.06174886,-0.071358749,0.452738516,0.227719298,0.102158711,0.180623035,0.164689655,0.039941903,-0.011132165
capital allocation gap,,0.824899464,0.876848825,1.130434783,0.927972028,0.867520803,0.893110188,0.969785984,1.238442052,1.121089713,1.171599317,1.122750824,1.126329787,1.242184855
%dividends,,0.407004021,0.416939125,0.488668793,0.44041958,0.46506406,0.464207183,0.426772975,0.45387376,0.431658055,0.471352685,0.504003768,0.545307751,0.502877779
% capital expenditure,,0.126508043,0.139965748,0.236192714,0.23048951,0.259939242,0.243464452,0.232375157,0.308211948,0.261155472,0.241889585,0.226660386,0.242496201,0.275815371
% repurchase,,0.291387399,0.319943951,0.405573275,0.257062937,0.142517501,0.185438554,0.310637851,0.476356344,0.428276186,0.458357048,0.39208667,0.338525836,0.463491705
free cash flow trend 3 year,,0.396268786,0.434992362,0.282359519,0.208091055,0.1586261,0.248473948,0.294879672,0.315020795,0.294407823,0.212424374,0.169535157,0.068598024,-0.021427873
capital invested/free cash flow (1 year),,-2.141741988,4.302180685,1.243509156,0.758582655,-1.759736181,1.944427002,0.421996655,-4.615492958,53.86986301,45.93103448,-2.051224388,1.535721163,-2.467128028
net margins,,0.2229,0.2109,0.2109,0.2073,0.1818,0.2202,0.3356,0.1844,0.1878,0.1832,0.1543,0.166,0.1699
cash flow growth,,0.396268786,0.434992362,0.282359519,0.208091055,0.1586261,0.248473948,0.294879672,0.315020795,0.294407823,0.212424374,0.169535157,0.068598024,-0.021427873
Overvaluation (FCF),,1.209376927,1.172462978,1.162778804,0.931445847,0.854958293,0.954933354,0.905429259,1.435333578,1.537198026,1.68822152,1.731209696,1.29654374,1.303655362
Overvaluation (Earnings),,1.208172008,1.272539723,1.160772617,0.886116798,0.771287963,0.915642723,0.814801929,1.295751352,1.390690713,1.605852129,1.55769172,1.214355951,1.238795892
FCF/PRICE,,387.3257288,336.6303989,331.2300087,377.6800261,325.3459578,332.326284,400.795756,245.0841622,181.4855016,149.2979894,159.8238748,181.369804,156.8448501
P/E,,19.8907563,18.49390244,15.28444444,13.46052632,15.60227273,16.30541872,11.96825397,16.7028754,19.07988166,20.89906103,20.85714286,16.20593368,18.77272727
Market cap,,47.510424,62.60112,67.480058,55.944801,51.036058,63.307391,55.97696,94.104,116.082,151.351,172.499292,149.235306,170.89108
capital invested/free cash flow (3 years,,2.967996839,1.581356448,3.065833333,23.60227273,2.304347826,1.570391872,1.884798685,3.76011201,1.630268418,1.982474227,10.01976685,6.83571202,7.83610926
Price,,23.67,30.33,34.39,30.69,27.46,33.1,30.16,52.28,64.49,89.03,102.2,92.86,107.38
Outcome short,,,0.281368821,0.133860864,-0.107589416,-0.105246008,0.205389658,-0.088821752,0.733421751,0.233550115,0.380524112,0.147927665,-0.091389432,0.15636442
Outcome long,,,,0.452893959,0.011869436,-0.201512067,0.078527208,0.098324836,0.579456193,1.138262599,0.702945677,0.58474182,0.043019207,0.050684932
capital allocation gap,,1.109393301,1.442060086,1.683453237,1.229342637,0.477345366,0.825782913,1.330855019,0.98857645,0.868281845,1.160122699,1.23045192,1.10383713,0.92878226
%dividends,,0.114780979,0.085671839,0.117505995,0.121924348,0.121827411,0.099270295,0.108092651,0.135074065,0.140076174,0.154192229,0.28077734,0.17505487,0
% capital expenditure,,0.427734833,0.217728623,0.288876591,0.289753948,0.329573228,0.32076619,0.508864741,0.47501883,0.29581041,0.338548057,0.390961591,0.361235147,0.361235147
% repurchase,,0.566877489,1.138659624,1.277070651,0.817664341,0.025944726,0.405746427,0.713897627,0.378483555,0.43239526,0.667382413,0.558712989,0.567547113,0.567547113
free cash flow trend 3 year,,0.299812961,0.81797207,0.601871631,0.432622313,0.081156903,0.101282703,0.116159527,0.330656123,0.407599608,0.439733206,0.399433559,0.388743241,0.372711229
capital invested/free cash flow (1 year),,1.666439291,0.92739726,-2.552980132,1.897939156,1.246417337,0.947011446,2.512801756,2.264212236,0.963520556,3.550493963,44,2.811459027,#DIV/0!
net margins,,0.0807,0.1,0.132,0.117,0.0915,0.1041,0.1176,0.1344,0.1362,0.1537,0.1598,0.1688,0.1688
cash flow growth,,0.299812961,0.81797207,0.601871631,0.432622313,0.081156903,0.101282703,0.116159527,0.330656123,0.407599608,0.439733206,0.399433559,0.388743241,0.372711229
Overvaluation (FCF),,2.084092069,2.035725968,1.631110944,1.268107403,0.691287861,0.776674681,1.042722263,0.849621935,0.863808917,1.381751671,2.042500669,2.806696091,3.157081337
Overvaluation (Earnings),,2.051424084,1.506730874,1.464343888,1.164686858,0.64029461,0.857201288,1.291210001,1.040436733,0.9801743,1.200167586,1.246579934,1.309345521,1.720194935
FCF/PRICE,,170.3648069,184.1961853,171.6014696,203.9398281,404.0782355,293.5292279,198.1637822,257.1855599,317.1542242,216.5748542,196.5404328,155.4504505,123.4250102
P/E,,26.32768362,19.50241546,13.68934911,13.00621118,10.92272727,16.66145833,14.44512195,11.53580902,14.6838488,11.91505792,17.91836735,30.83333333,29.05905512
Market cap,,46.336244,37.124656,42.664179,37.662265,21.683711,28.912882,43.462148,40.276959,39.867945,57.213823,63.565795,58.03191,64.16614
capital invested/free cash flow (3 years,,5.20516129,1.233212341,-2.442385901,40.74,7.121034078,-4.872326203,5.357894737,0.921260583,1.226041667,-1.806223479,-2.687861272,-0.82811444,-2.409492274
Price,,46.6,40.37,46.27,41.88,24.03,31.99,47.38,43.49,42.73,61.72,70.24,66.6,73.81
Outcome short,,,-0.133690987,0.14614813,-0.094877891,-0.426217765,0.331252601,0.48108784,-0.082102153,-0.017475282,0.444418441,0.138042774,-0.051822323,0.108258258
Outcome long,,,,-0.007081545,0.037404013,-0.480657013,-0.236150907,0.971702039,0.35948734,-0.098142676,0.419176822,0.64380997,0.079066753,0.05082574
capital allocation gap,,0.957288765,2.481904013,0.85385439,1.093006993,1.110258869,0.590592702,0.714849748,0.785714286,0.78098577,1.429065744,1.53987069,2.386873921,1.438715953
%dividends,,0.43454039,0.566089693,0.368843683,0.328438228,0.478108022,0.31470154,0.329238868,0.297554348,0.328727573,0.522491349,0.456896552,0.667530225,0.434500649
% capital expenditure,,0.381306097,0.527143981,0.41006424,0.369463869,0.632150847,0.275891162,0.330774293,0.357725155,0.369766962,0.592010066,0.544181034,0.703367876,0.355706874
% repurchase,,0.141442278,1.388670338,0.074946467,0.395104895,0,0,0.054836587,0.130434783,0.082491235,0.314564328,0.538793103,1.01597582,0.648508431
free cash flow trend 3 year,,-0.505271355,-0.148299043,0.296033801,0.279573798,0.334011002,0.278788516,0.176097653,0.295562528,0.197368421,0.060423204,-0.187655688,-0.367651099,-0.308649469
capital invested/free cash flow (1 year),,0.577912692,-7.85620915,-1.069902913,1.2239819,-0.846946284,-25.05839416,1.953265045,0.364909572,-2.201729107,-0.454449895,2.796694215,-0.136201427,0.614789604
net margins,,0.0636,0.0722,0.1086,0.1017,0.063,0.0642,0.1049,0.1034,0.078,0.1651,0.1221,0.0756,0.0791
cash flow growth,,-0.505271355,-0.148299043,0.296033801,0.279573798,0.334011002,0.278788516,0.176097653,0.295562528,0.197368421,0.060423204,-0.187655688,-0.367651099,-0.308649469
Overvaluation (FCF),,1.05963899,0.899350238,1.027578276,1.050807511,0.793365331,0.811825112,0.98926045,1.359631679,1.289443206,1.891701512,1.781707253,2.046398963,3.518261861
Overvaluation (Earnings),,1.097210018,0.950143632,1.065298293,1.098999717,0.827784679,0.732361941,0.832570877,1.003368599,0.953657783,1.102418395,0.980375117,0.899492374,1.320589822
FCF/PRICE,,838.4900507,824.408047,637.0481535,622.3929982,615.0569961,763.469717,856.5782276,914.4053799,741.0629694,708.7351779,699.1130341,692.4438743,563.2995495
P/E,,13.17737789,9.837127846,11.5755287,12.90495868,9.218244804,17.13316583,11.75562701,10.06650831,8.922680412,13.73134328,12.16447368,20.24675325,41.4953271
Market cap,,328.11526,344.49061,439.01327,504.23958,406.06727,322.33413,364.06448,401.25384,389.6481,438.702,388.38245,323.9602,368.22637
capital invested/free cash flow (3 years,,2.512788318,9.702508961,11.77685749,6.581914158,22.20917652,3.926597255,0.797772216,0.735766071,2.419920063,1.945867307,2.246306396,3.156535834,4.139026812
Price,,51.26,56.17,76.63,93.69,79.83,68.19,73.12,84.76,86.55,101.2,92.45,77.95,88.8
Outcome short,,,0.095786188,0.36425138,0.222628213,-0.147934678,-0.145809846,0.072297991,0.159190372,0.021118452,0.16926632,-0.086462451,-0.156841536,0.13919179
Outcome long,,,,0.494927819,0.667972227,0.041759102,-0.272174191,-0.084053614,0.242997507,0.183670678,0.193959415,0.068168689,-0.229743083,-0.0394808
capital allocation gap,,0.71633252,0.821346961,1.073063345,1.054382524,1.056676434,1.76584148,1.001012125,1.121149155,1.164874488,1.347953867,1.278991932,1.404528078,1.718661492
%dividends,,0.175359424,0.15534505,0.159619365,0.146552056,0.134918376,0.282122512,0.175531366,0.162977685,0.179668862,0.242129403,0.25640571,0.398431321,0.649008707
% capital expenditure,,0.295578407,0.287485978,0.31371992,0.295892466,0.323449142,0.790878402,0.55503687,0.559671154,0.610129963,0.749632631,0.730383899,0.872989718,0.965698101
% repurchase,,0.245394688,0.378515933,0.59972406,0.611938002,0.598308916,0.692840565,0.270443889,0.398500316,0.375075663,0.356191833,0.292202323,0.133107039,0.103954684
free cash flow trend 3 year,,0.484524729,0.746609235,0.899043424,0.654461508,0.373983462,0.015872441,-0.085995744,-0.178973126,0.140998109,0.145362289,0.105933614,-0.247323796,-0.395725856
capital invested/free cash flow (1 year),,3.369308799,-88.62790698,3.934395719,5.004784035,-17.37935484,0.25354935,0.349412833,2.759596875,1.141107811,1.08479645,1.240718074,-3.302485004,0.125890279
net margins,,0.085,0.0975,0.1046,0.1004,0.0947,0.0621,0.0795,0.0844,0.0934,0.0743,0.0789,0.0601,0.0398
cash flow growth,,0.484524729,0.746609235,0.899043424,0.654461508,0.373983462,0.015872441,-0.085995744,-0.178973126,0.140998109,0.145362289,0.105933614,-0.247323796,-0.395725856
Overvaluation (FCF),,1.162142732,0.987792568,1.012843073,0.968581892,0.4083451,0.413296455,0.523779394,0.619117632,0.768962826,1.141986852,1.024108562,1.284905009,1.516547808
Overvaluation (Earnings),,1.190395692,1.084124848,1.097098287,1.022163852,0.470947125,0.510896717,0.731634329,0.824488105,0.987518522,1.318563359,1.138322845,1.408661366,1.506801545
FCF/PRICE,,5483.205479,5847.931526,5860.360118,6615.565147,13517.03704,13323.33113,10547.12958,12204.41094,8642.877561,5965.750981,4449.62406,3403.852327,2623.413706
P/E,,22.25609756,22.32484076,18.605,17.08294931,9.418604651,14.98019802,17.25471698,14.56097561,16.27131783,22.07086614,16.84666667,-51.06557377,28.14285714
Market cap,,386.89708,365.340871,382.420938,370.240332,161.278452,161.3324,194.1553,189.362788,218.414174,282.006466,254.149993,292.164884,278.83823
capital invested/free cash flow (3 years,,0.270278493,0.604357322,-0.977888233,0.903634522,1.019090081,-2.389253288,-1.307847082,-0.692292436,-1.16716484,-5.370116205,0.989319814,-0.756398248,-0.131749806
Price,,36.5,35.05,37.21,37.07,16.2,15.13,18.29,17.91,20.99,28.03,25.27,31.15,31.52
Outcome short,,,-0.039726027,0.061626248,-0.003762429,-0.56298894,-0.066049383,0.208856576,-0.020776381,0.171970966,0.335397808,-0.098465929,0.232686981,0.01187801
Outcome long,,,,0.019452055,0.057631954,-0.564633163,-0.591853251,0.129012346,0.183740912,0.147621651,0.56504746,0.203906622,0.111309311,0.247328848
capital allocation gap,,0.47189872,0.741768592,1.105134319,0.960574304,0.609767126,0.696113364,0.438849518,0.637309272,0.844913983,0.836653806,0.723447255,0.890000503,7.442323481
%dividends,,0.226838024,0.248122894,0.331266889,0.265269378,0.255030522,0.36802228,0.132598826,0.193590935,0.229453257,0.274324798,0.31946299,0.467296767,1.836001642
% capital expenditure,,0.354478941,0.365126953,0.501923383,0.41094594,0.329065011,0.353606094,0.271287787,0.37881831,0.482557212,0.236899334,0.257461475,0.367452617,1.562192118
% repurchase,,-0.109418245,0.128518745,0.271944047,0.284358986,0.025671593,-0.02551501,0.034962906,0.064900027,0.132903514,0.325429674,0.14652279,0.055251119,4.044129721
free cash flow trend 3 year,,0.178521983,0.226027884,0.162311442,0.190288714,0.193563672,0.101790059,-0.029110503,-0.239244916,-0.133840814,-0.146473249,-0.067625133,-0.245045331,-0.436995708
capital invested/free cash flow (1 year),,0.134827924,-0.374376144,-23.59487952,0.350906866,-117.8447653,-0.514573552,-0.993996148,-0.322411003,1.609291245,-1.035852021,0.256616528,-0.082355867,0.035069973
net margins,,0.1278,0.1224,0.1368,0.1288,0.0959,0.071,0.0779,0.0966,0.093,0.1153,0.13,-0.0522,0.0916
cash flow growth,,0.178521983,0.226027884,0.162311442,0.190288714,0.193563672,0.101790059,-0.029110503,-0.239244916,-0.133840814,-0.146473249,-0.067625133,-0.245045331,-0.436995708
Overvaluation (FCF),,,,,,,1,0.995972518,0.673051541,1.028561804,0.745606884,1.276482514,1.431978095,1.664455057
Overvaluation (Earnings),,1.086618365,1.098354438,1.16916719,1.008054373,0.366817428,0.728402813,0.825602424,0.490039724,0.911830747,1.172929449,1.14183335,1.063195724,1.281362319
FCF/PRICE,,0,0,0,0,0,0,0,0,0,0,0,0,0
P/E,,11.74439462,11.50401427,9.893346877,9.164577436,17.67114094,7.629462268,12.75872534,20.05099778,9.027600849,11.46571798,11.35500879,14.84596376,19.11446741
Market cap,,50.38537,56.377443,80.388116,88.543715,31.235806,86.971172,85.346245,43.901052,59.334534,79.121774,83.397296,75.60288,95.61873
capital invested/free cash flow (3 years,,-0.357782771,-0.216659791,-0.317271904,-0.322911824,-2.581862512,0.085093814,1.515848423,0.835345907,0.978988355,-3.163679809,-0.090118845,-0.013250319,0.11199006
Price,,104.76,128.96,194.8,226.64,78.99,168.84,168.16,90.43,127.56,177.26,193.83,180.23,240.46
Outcome short,,,0.2310042,0.510545906,0.163449692,-0.651473703,1.137485758,-0.004027482,-0.462238344,0.410593829,0.389620571,0.093478506,-0.070164577,0.334184098
Outcome long,,,,0.859488354,0.757444169,-0.594507187,-0.255030004,1.128877073,-0.46440417,-0.241436727,0.960190202,0.519520226,0.016755049,0.240571635
capital allocation gap,,-0.078164775,-0.636187868,-0.181300796,-0.16178131,2.592925026,0.076992327,-1.27926078,0.44455802,0.519217331,1.801232666,-0.997113997,1.098836374,1.236344538
%dividends,,-0.01488425,-0.041166519,-0.015834681,-0.012185287,0.448785639,0.04511509,-0.269367183,0.123150082,0.084323317,0.286594761,-0.190738554,0.241488292,0.200980392
% capital expenditure,,-0.024827049,-0.114476758,-0.035176513,-0.029869349,1.070221753,0.031836317,-0.229046108,0.052619884,0.074617595,0.155403918,-0.088941362,0.263324235,0.31407563
% repurchase,,-0.038453475,-0.48054459,-0.130289602,-0.119726674,1.073917635,4.09E-05,-0.780847489,0.268788054,0.360276419,1.359233986,-0.717434081,0.594023847,0.721288515
free cash flow trend 3 year,,6.41739559,10.15842997,2.900505198,1.129768964,0.821466831,-0.813446655,-1.354153181,-1.579520716,-2.722687629,-0.120871135,-0.851573032,-0.870732438,-0.80196879
capital invested/free cash flow (1 year),,-0.26822386,-0.078859912,-0.375137941,-0.24941494,0.000565358,-1.328998736,-0.105529732,1.79239889,0.777429876,-0.141858917,0.149124225,0.923464794,0.316103701
net margins,,0.2173,0.2229,0.2532,0.2522,0.1045,0.2963,0.2133,0.1542,0.2188,0.235,0.2455,0.1799,0.1958
cash flow growth,,6.41739559,10.15842997,2.900505198,1.129768964,0.821466831,-0.813446655,-1.354153181,-1.579520716,-2.722687629,-0.120871135,-0.851573032,-0.870732438,-0.80196879
Overvaluation (FCF),,1.527411003,1.403305241,1.304117603,0.963459608,0.715417314,0.912187037,1.051423174,1.13073703,1.521120526,1.425720137,1.614274079,1.571963766,1.466772026
Overvaluation (Earnings),,1.40188197,1.180322607,1.058991649,0.787774412,0.620025287,0.911009558,1.260456354,1.37165456,1.715965581,1.58323935,1.691145479,1.602363794,1.391086049
FCF/PRICE,,255.1866214,313.3415536,317.4030437,414.6866841,518.0213655,369.9750089,275.2787599,211.218743,171.2791393,139.8698764,107.9199387,99.58651399,107.5976737
P/E,,18.25663717,14.90808824,14.60215054,12.92827004,16.06716418,17.84076433,18.29353234,17.97165992,22.30666667,20.43882979,22.16985138,23.03296703,21.70226537
Market cap,,90.1531,86.1282,80.2578,51.7816,36.29958,47.56098,59.67771,68.22743,101.11612,110.2029,140.54932,157.45152,163.37972
capital invested/free cash flow (3 years,,1.197842835,0.954745514,0.76297481,33.55390335,-1.079722704,-4.839941973,-404.6071429,210.9354839,-6.258369099,-13.18022814,-107.4827586,-34.44645799,-48.79449153
Price,,41.26,40.55,40.74,30.64,21.53,28.01,36.77,44.39,66.92,76.85,104.42,125.76,134.12
Outcome short,,,-0.01720795,0.004685573,-0.247913598,-0.29732376,0.300975383,0.312745448,0.207234158,0.507546745,0.148386133,0.358750813,0.20436698,0.066475827
Outcome long,,,,-0.012603005,-0.244389642,-0.471526755,-0.085835509,0.707849512,0.584791146,0.819961925,0.731245776,0.560370592,0.636434613,0.28442827
capital allocation gap,,1.172044632,1.174924471,1.517101828,2.808101973,0.621924747,0.527609756,1.150054526,0.950684108,1.009175627,1.596486628,1.331230284,1.230555852,1.145275035
%dividends,,0.108413752,0.129456193,0.182114883,0.298411035,0.275144718,0.297560976,0.342202835,0.245376635,0.249892473,0.294048243,0.306964329,0.323375653,0.333568406
% capital expenditure,,0.595295537,0.586253776,0.462402089,0.621267679,0.334117221,0.188487805,0.239040349,0.183581416,0.188100358,0.182092292,0.174957535,0.160354209,0.157666734
% repurchase,,0.468335344,0.459214502,0.872584856,1.888423258,0.012662808,0.041560976,0.568811341,0.521726056,0.571182796,1.120346093,0.84930842,0.74682599,0.654039895
free cash flow trend 3 year,,0.604551539,0.459848094,0.208087811,0.112798265,-0.044552205,-0.216717674,-0.238366572,-0.135025112,0.111782662,0.394802468,0.396308294,0.386140245,0.295803143
capital invested/free cash flow (1 year),,0.641798183,0.585381492,0.526194735,-0.287018658,-2.19761194,-10.5826972,9.55890411,-17.92079208,-2.793783917,8.762640449,-7.674943567,28.2078853,-11.13315579
net margins,,0.0684,0.0758,0.0729,0.0568,0.0317,0.0402,0.0491,0.0552,0.0607,0.0683,0.0763,0.0792,0.0823
cash flow growth,,0.604551539,0.459848094,0.208087811,0.112798265,-0.044552205,-0.216717674,-0.238366572,-0.135025112,0.111782662,0.394802468,0.396308294,0.386140245,0.295803143
Overvaluation (FCF),,1.164353754,0.887546614,1.042178927,1.086605856,0.77654104,1.028659261,1.028979775,1.161283958,1.151050241,1.110874934,0.974217144,0.838450814,1.003456697
Overvaluation (Earnings),,1.413544376,1.059356477,1.078394814,1.009658296,0.701148665,0.957080626,0.958783081,1.061804562,0.991563671,0.959740117,0.873651145,0.785372513,1.019861365
FCF/PRICE,,403.5909921,427.6399027,412.6711271,409.8982424,504.2181559,275.0343774,276.3832107,229.078747,227.7473245,214.0747454,246.7028173,249.0117715,204.1908714
P/E,,22.50684932,16.8788501,15.90016367,15.11888112,9.466816648,13.07692308,12.73958333,14.07963247,13.32985386,12.55488621,13.48235294,10.25484352,13.77142857
Market cap,,162.222262,128.832882,146.26224,149.646073,112.698656,170.869006,180.219812,213.885538,214.032224,197.771932,158.919029,132.903763,160.40916
capital invested/free cash flow (3 years,,6.035409556,-13.23495828,-3.728676471,10.02349103,20.27551622,-44.35952637,6.435595862,13.9646918,13.92639752,3.439793896,8.60126183,-5.578396213,20.23925139
Price,,98.58,82.2,97.15,108.1,84.16,130.9,146.76,183.88,191.55,187.57,160.44,137.62,168.7
Outcome short,,,-0.166159464,0.181873479,0.112712301,-0.22146161,0.555370722,0.121161192,0.252929954,0.041711986,-0.020777865,-0.144639335,-0.142233857,0.225839268
Outcome long,,,,-0.014505985,0.315085158,-0.133710757,0.210915819,0.743821293,0.40473644,0.30519215,0.020067435,-0.162411903,-0.266300581,0.051483421
capital allocation gap,,0.755163203,0.830763041,0.99427392,1.645333665,0.95949394,0.691570789,1.192183743,1.168295878,1.045900133,1.26148127,1.311773773,0.802975071,0.683100108
%dividends,,0.076487068,0.083813866,0.11205806,0.133403753,0.13741229,0.137678718,0.162514707,0.174997481,0.192637598,0.232084644,0.252845625,0.28792333,0.279224973
% capital expenditure,,0.329402567,0.310714765,0.343964312,0.342052939,0.259780991,0.196264382,0.243183795,0.235160738,0.240835291,0.236774378,0.247984349,0.244061618,0.221151776
% repurchase,,0.349273568,0.436234411,0.538251548,1.169876973,0.562300659,0.35762769,0.786485242,0.75813766,0.612427244,0.792622248,0.810943799,0.270990122,0.182723358
free cash flow trend 3 year,,0.307369934,0.208100747,0.069333585,0.053876448,0.114397321,0.229605583,0.284767636,0.205167752,0.059304226,-0.037491122,-0.103526792,-0.129194147,-0.078377286
capital invested/free cash flow (1 year),,7.05,-2.750869682,-2.227673525,1.414129274,-2.403763162,3.432565789,6.746466028,13.21061793,7.17962337,1.26564871,-2.191224737,-10.87732657,4.580880025
net margins,,0.0777,0.0871,0.1038,0.1055,0.119,0.1402,0.1485,0.1483,0.1614,0.1676,0.1296,0.1614,0.1475
cash flow growth,,0.307369934,0.208100747,0.069333585,0.053876448,0.114397321,0.229605583,0.284767636,0.205167752,0.059304226,-0.037491122,-0.103526792,-0.129194147,-0.078377286
Overvaluation (FCF),,1.157233154,1.085384227,0.826077089,1.071762161,0.675022481,0.921518414,0.875236611,0.878635694,0.772887648,0.935503036,1.217519689,1.059172779,1.139752713
Overvaluation (Earnings),,1.400875712,1.338495702,0.983660753,1.146410018,0.703578822,1.030398915,0.960019153,0.891842023,0.675554674,0.820531258,1.099218797,1.03494365,1.14030652
FCF/PRICE,,342.2830269,369.9519231,420.4444444,321.4928732,533.2878581,372.1078431,443.5092725,496,625.5092144,522.6502311,441.1959217,454.1654572,552.7647868
P/E,,20.1637931,17.82857143,23.54651163,22.59322034,15.93478261,26.49350649,10.46268657,10.14644351,9.680751174,13.73544974,15.70995671,14.78540773,17.14622642
Market cap,,146.25767,147.73824,116.78175,154.30808,81.53892,112.6692,115.89633,121.25,101.94528,128.94332,172.30492,162.77625,172.26265
capital invested/free cash flow (3 years,,-10.38083775,11.83876812,3.357339916,2.692288401,4.415190488,-7.413486476,-11.94047024,2.231491713,1.061402859,1.882760053,9.545995103,17.70784641,2.582587859
Price,,23.39,24.96,20.25,26.66,14.66,20.4,21.03,24.25,20.62,25.96,36.29,34.45,36.35
Outcome short,,,0.067122702,-0.188701923,0.31654321,-0.450112528,0.39154161,0.030882353,0.153114598,-0.149690722,0.258971872,0.397919877,-0.050702673,0.055152395
Outcome long,,,,-0.134245404,0.068108974,-0.276049383,-0.234808702,0.434515689,0.18872549,-0.019495958,0.070515464,0.759941804,0.327041602,0.001653348
capital allocation gap,,0.943745712,1.242191189,1.195103578,0.824237624,1.417902252,0.840196956,0.625808771,1.397557601,1.128044906,0.850308048,1.260162602,0.81216806,0.858737228
%dividends,,0.077902279,0.132092019,0.218455744,0.207366337,0.28372689,0.2782453,0.209861011,0.196870677,0.230353739,0.215585291,0.215936918,0.239575117,0.252816348
% capital expenditure,,0.292933913,0.392498145,0.544161959,0.396039604,0.475654402,0.404207699,0.311945842,0.516624529,0.627091718,0.517279553,0.499412283,0.391544408,0.447629028
% repurchase,,0.572909521,0.717601025,0.432485876,0.220831683,0.658520959,0.157743957,0.104001917,0.684062396,0.270599449,0.117443204,0.5448134,0.181048536,0.158291852
free cash flow trend 3 year,,0.000385185,0.283363148,0.310162063,0.127506442,-0.133968624,-0.09960583,0.018913523,0.428843171,0.628380519,0.562931835,0.23047619,0.06494632,-0.034689804
capital invested/free cash flow (1 year),,-8.172687225,2.693688304,1.365970655,1.720830512,-18.48064516,-2.785684387,29.44871795,0.825162866,0.478331748,-36.73626374,3.263409962,-8.66741573,0.760880549
net margins,,0.2197,0.2231,0.1426,0.182,0.1408,0.1244,0.2628,0.2397,0.2063,0.1825,0.2095,0.2063,0.179
cash flow growth,,0.000385185,0.283363148,0.310162063,0.127506442,-0.133968624,-0.09960583,0.018913523,0.428843171,0.628380519,0.562931835,0.23047619,0.06494632,-0.034689804
Overvaluation (FCF),,1.273998426,1.085199174,1.100175049,1.012049636,0.858245146,0.869627472,0.799297931,0.850280605,0.929580318,1.211985373,1.34364657,1.270119197,1.362441102
Overvaluation (Earnings),,1.203496237,1.027184429,1.019235468,0.960101443,0.804504055,0.832481512,0.766378162,0.848688791,0.957155005,1.267259554,1.328958926,1.215268531,1.265672159
FCF/PRICE,,219.5994954,210.2329451,290.2302333,297.4062969,348.520809,337.3854991,373.0315279,347.8347057,346.1055635,280.325363,239.3707564,270.1226636,198.7848708
P/E,,23.1459854,17.94029851,17.6997319,18.37465565,13.09190372,14.63863636,12.93933054,18.79083095,18.16062176,19.04158004,18.34561404,18.74452555,20.68318584
Market cap,,188.422088,178.766248,191.011045,188.93442,166.002523,177.713631,169.945864,179.180955,194.772149,258.341502,291.041315,284.220077,316.71179
capital invested/free cash flow (3 years,,4.729380386,5.376120025,1.392790195,1.49306803,9.009137056,22.15313225,43.27184466,7.850178359,1.589889999,1.95975039,-10.9201703,-4.222179951,9.844001791
Price,,63.42,60.1,66.02,66.7,59.83,64.41,61.85,65.58,70.1,91.59,104.57,102.72,116.86
Outcome short,,,-0.052349417,0.098502496,0.010299909,-0.102998501,0.076550226,-0.039745381,0.060307195,0.068923452,0.306562054,0.141718528,-0.017691499,0.137655763
Outcome long,,,,0.040996531,0.109816972,-0.093759467,-0.034332834,0.033762327,0.018164881,0.133387227,0.396614822,0.491726106,0.121519817,0.117528928
capital allocation gap,,0.638741095,0.718959234,0.963433464,0.879976035,0.9845712,0.592722226,0.670430272,0.809483844,1.459275136,0.828011944,1.007308754,0.877950101,1.234372228
%dividends,,0.293173415,0.321467921,0.299480629,0.31087738,0.335559711,0.32146521,0.354226427,0.430549727,0.429592102,0.418398989,0.420551134,0.423932777,0.504051097
% capital expenditure,,0.220759311,0.251970506,0.192167322,0.195846092,0.20478226,0.142719208,0.145498932,0.202335991,0.190568979,0.206443092,0.201071951,0.179625499,0.20693122
% repurchase,,0.124808369,0.145520807,0.471785514,0.373252563,0.444229228,0.128537807,0.170704913,0.176598126,0.839114056,0.203169863,0.385685669,0.274391825,0.523389911
free cash flow trend 3 year,,0.376861714,0.39844631,0.343803148,0.375385131,0.321327241,0.253904567,0.167011615,0.068080105,-0.010437024,-0.017108997,0.085220299,0.197161397,0.160291246
capital invested/free cash flow (1 year),,7.117792422,2.461924686,0.668408827,2.689824093,-21.60798548,6.244395604,-10.38649852,1.783703472,0.715220386,7.651716501,-2.652228613,-3.195151515,1.423869187
net margins,,0.1728,0.1992,0.2073,0.1731,0.2031,0.1982,0.2165,0.1487,0.1614,0.194,0.2196,0.2199,0.2204
cash flow growth,,0.376861714,0.39844631,0.343803148,0.375385131,0.321327241,0.253904567,0.167011615,0.068080105,-0.010437024,-0.017108997,0.085220299,0.197161397,0.160291246
Overvaluation (FCF),,#DIV/0!,#DIV/0!,#DIV/0!,#DIV/0!,#DIV/0!,#DIV/0!,#DIV/0!,#DIV/0!,#DIV/0!,#DIV/0!,#DIV/0!,#DIV/0!,#DIV/0!
Overvaluation (Earnings),,1.405000386,1.290583841,1.336047705,0.946539032,0.718528013,0.979092271,1.027576284,0.70783963,0.852544215,1.007182456,0.986727899,1.015603977,1.203841261
FCF/PRICE,,0,0,0,0,0,0,0,0,0,0,0,0,0
P/E,,25.16774194,16.67647059,11.95544554,9.965753425,23.35555556,18.4380531,10.71212121,7.421875,8.455769231,13.47465438,11.82986767,11.005,14.79137931
Market cap,,138.726972,138.386726,167.199144,146.986137,117.695184,164.261473,165.874502,125.441943,167.259682,219.657313,232.471558,241.898924,306.97928
capital invested/free cash flow (3 years,,0,0,0,0,0,0,0,0,0,0,0,0,0
Price,,39.01,39.69,48.3,43.65,31.53,41.67,42.42,33.25,43.97,58.48,62.58,66.03,85.79
Outcome short,,,0.017431428,0.216931217,-0.096273292,-0.27766323,0.321598478,0.01799856,-0.216171617,0.322406015,0.329997726,0.070109439,0.055129434,0.299257913
Outcome long,,,,0.238144066,0.099773243,-0.347204969,-0.045360825,0.345385347,-0.202063835,0.036539368,0.758796992,0.42324312,0.129103967,0.370885267
capital allocation gap,,-0.296230277,-0.258235216,-0.143710039,-0.119654486,0.255909603,0.231455166,-1.195362473,0.132990035,0.273017265,0.100460386,0.321099664,0.183608744,-6.449764521
%dividends,,-0.259259259,-0.161330864,-0.097742996,-0.045685601,0.255909603,0.02786713,-0.396055437,0.040601676,0.207105546,0.056098487,0.19102014,0.107165219,-3.290423862
% capital expenditure,,0,0,0,0,0,0,0,0,0,0,0,0,0
% repurchase,,-0.036971017,-0.096904352,-0.045967042,-0.073968886,0,0.203588036,-0.799307036,0.092388358,0.065911719,0.044361898,0.130079523,0.076443525,-3.159340659
free cash flow trend 3 year,,0.534691926,-0.265644011,5.96202346,6.413356698,3.451984926,-1.372096207,-1.746647406,-2.568705716,2.318494411,0.610800391,-0.210962103,0.859234686,-0.530445834
capital invested/free cash flow (1 year),,0,0,0,0,0,0,0,0,0,0,0,0,0
net margins,,0.1054,0.1578,0.2351,0.2153,0.0833,0.1168,0.1691,0.1952,0.2194,0.1837,0.2286,0.2613,0.2463
cash flow growth,,0.534691926,-0.265644011,5.96202346,6.413356698,3.451984926,-1.372096207,-1.746647406,-2.568705716,2.318494411,0.610800391,-0.210962103,0.859234686,-0.530445834
Overvaluation (FCF),,1.841997561,1.360924881,1.372035976,1.445434783,1.287473422,1.136997608,1.217383694,1.390135202,1.135363598,1.182579132,1.089790127,1.233132094,1.161833073
Overvaluation (Earnings),,1.216012922,1.080658733,1.151105938,1.4058998,1.203739967,1.05944178,1.115389068,1.304673692,1.055263517,1.113261777,1.063557652,1.291445278,1.267163554
FCF/PRICE,,109.8097318,121.8179122,66.58244981,76.3622475,40.80881171,47.86515054,38.10187598,34.97657729,38.57952613,32.67030815,29.32657417,24.97375995,37.32138391
P/E,,17.91061453,16.52941176,15.66431095,29.75252525,16.53989362,15.19221411,16.75982533,19.03795066,16.45708955,17.48288288,19.43983402,24.6125,22.67485822
Market cap,,40.712994,42.595104,53.360021,67.843112,69.313243,67.229148,80.874336,102.477062,88.448167,96.098512,90.22373,107.129352,99.61171
capital invested/free cash flow (3 years,,2.563568687,-6.965683262,8.159878864,6.39561716,-269.0982659,4.156982953,4.204508972,7.288420929,4.203800523,3.596538177,-50.3044363,-3.925152021,-3.752521801
Price,,32.06,33.72,44.33,58.91,62.19,62.44,76.76,100.33,88.21,97.03,93.7,118.14,119.95
Outcome short,,,0.051777916,0.314650059,0.32889691,0.055678153,0.004019939,0.229340167,0.307060969,-0.120801356,0.099988663,-0.034319283,0.260832444,0.015320806
Outcome long,,,,0.3827199,0.747034401,0.402887435,0.059921915,0.234282039,0.60682255,0.149166232,-0.032891458,0.062237842,0.217561579,0.280149413
capital allocation gap,,0.700712163,0.841818853,1.363077277,1.569878802,1.331440546,1.214571379,1.141998865,1.21712983,1.228937282,1.083755811,1.336953776,1.704118304,2.432616373
%dividends,,0.178040783,0.19415237,0.280202695,0.362077805,0.308152505,0.388715006,0.379730667,0.364987902,0.415813726,0.437400817,0.477853885,0.493997645,0.469752778
% capital expenditure,,0.363587458,0.370503597,0.401220776,0.399196112,0.360930846,0.33943662,0.33674467,0.38178487,0.437719815,0.396688528,0.383846188,0.277392913,0.264092886
% repurchase,,0.159083923,0.277162885,0.681653806,0.808604885,0.662357196,0.486419753,0.425523527,0.470357058,0.375403741,0.249666465,0.475253703,0.932727745,1.698770709
free cash flow trend 3 year,,0.191011635,0.381673249,0.422133556,0.347040994,0.315034929,0.314944484,0.328685465,0.27140403,0.236531778,0.179185777,0.08181804,-0.003309251,-0.064519775
capital invested/free cash flow (1 year),,7.296035242,-2.073365231,1.143033021,-2.980669448,3.987662132,2.404367089,3.43832257,9.18026999,1.565319906,4.252202316,-3.301671975,-2.251381742,-3.113576605
net margins,,0.1225,0.1361,0.1696,0.1051,0.1834,0.2001,0.2055,0.2038,0.1982,0.1987,0.1734,0.1782,0.1874
cash flow growth,,0.191011635,0.381673249,0.422133556,0.347040994,0.315034929,0.314944484,0.328685465,0.27140403,0.236531778,0.179185777,0.08181804,-0.003309251,-0.064519775
Overvaluation (FCF),,0.617137206,0.64090225,0.97758511,1.280771549,0.731211768,1.099450109,1.085805721,1.11042174,1.103530322,1.25187224,1.442431004,1.178828939,1.334844263
Overvaluation (Earnings),,0.62799762,0.695573321,1.096323076,1.569478902,0.731148902,0.658932954,0.833494252,0.950675577,1.479007354,1.676136278,1.722388545,1.545805291,1.880012439
FCF/PRICE,,365.4044804,416.296762,291.8050459,210.9482017,471.0098684,428.0514505,433.9900111,430.9018568,448.1680508,357.002997,323.9478781,363.517607,258.3028894
P/E,,12.26717557,15.14761905,21.47783251,-55.875,8.374655647,6.467256637,128.7142857,18.66336634,20.47,34.04761905,13.95331695,33.85897436,30.88205128
Market cap,,70.98569,69.406875,94.515644,126.243975,64.073776,113.240018,111.079244,114.639668,123.910642,146.522877,161.177971,146.899287,166.03484
capital invested/free cash flow (3 years,,-3.424505868,-1.951016169,-31.52604597,1.511361057,4.004980618,0.222830631,0.323432591,-1.651846785,-4.426937738,-7.96519337,-3.123946259,-21.56763285,4.591663723
Price,,32.14,31.81,43.6,58.11,30.4,36.54,36.04,37.7,40.94,50.05,56.79,52.82,60.22
Outcome short,,,-0.010267579,0.370638164,0.332798165,-0.476854242,0.201973684,-0.013683634,0.046059933,0.085941645,0.222520762,0.134665335,-0.069906674,0.140098448
Outcome long,,,,0.356565028,0.82678403,-0.302752294,-0.371192566,0.185526316,0.031746032,0.135960044,0.327586207,0.38715193,0.055344655,0.060397957
capital allocation gap,,0.853655487,0.758073208,0.784174895,0.821236713,1.129640901,1.456367925,0.750693033,0.682790923,0.975952904,1.144757165,1.942366412,0.852266323,0.944633496
%dividends,,0.37625439,0.44027075,0.491131083,0.472525431,0.517498478,1.025648585,0.448438366,0.388516515,0.522450609,0.452805904,0.667557252,0.41196361,0.470523315
% capital expenditure,,0.19616779,0.184359598,0.144888547,0.144445079,0.197504565,0.43071934,0.155054519,0.139142373,0.194971064,0.13282993,0.294783715,0.103292811,0.143106778
% repurchase,,0.281233308,0.13344286,0.148155265,0.204266202,0.414637858,0,0.147200148,0.155132036,0.258531231,0.559121332,0.980025445,0.337009903,0.331003403
free cash flow trend 3 year,,0.261081254,0.037671382,-0.157089126,-0.235240024,-0.225869813,-0.267969343,-0.027460008,0.307851931,0.958769572,0.638554796,0.110501184,-0.03888404,-0.085293168
capital invested/free cash flow (1 year),,-2.277132095,-0.798379004,0.807025376,1.266646924,-11.19507536,0.032356766,-1.001533406,-2.646474677,-3.557319224,-7.474852071,-0.888301282,2.228491397,14.03162651
net margins,,0.2538,0.2104,0.1959,0.1354,0.3274,0.4703,0.0187,0.1305,0.1305,0.1,0.2822,0.1125,0.1376
cash flow growth,,0.261081254,0.037671382,-0.157089126,-0.235240024,-0.225869813,-0.267969343,-0.027460008,0.307851931,0.958769572,0.638554796,0.110501184,-0.03888404,-0.085293168
Overvaluation (FCF),,0.929996366,0.891382467,1.067490575,0.944489331,0.775437917,0.691380551,0.702837505,0.746924788,0.830555984,1.004393126,1.096410975,1.271545752,1.542364151
Overvaluation (Earnings),,1.413006757,1.207954252,1.25307185,1.038365181,0.843805673,0.770150243,0.79655202,0.889738498,0.956398647,1.10664373,1.309269461,1.560420614,2.07184379
FCF/PRICE,,679.4283414,963.1759657,806.0400407,1086.368593,1137.315944,1136.33203,1106.692308,1068.584505,1082.981187,1094.1247,1124.507361,1159.996091,943.9807384
P/E,,22.17857143,19.41666667,20.75352113,14.71122995,14.67283951,10.95714286,9.665427509,15.295,13.39147287,15.85551331,29.83108108,24.36666667,29.80861244
Market cap,,266.0364,234.4446,276.29569,251.74401,211.74316,199.45068,217.776,256.37479,287.7324,343.5663,354.39205,399.53536,484.40435
capital invested/free cash flow (3 years,,-17.52516845,-7.248580767,-243.9281768,7.484882419,14.66627463,14.35138571,8.083215069,32.1589852,94.16786571,5.217901593,245.3322476,-3.795068411,-6.558478771
Price,,24.84,23.3,29.47,27.51,23.77,23.01,26,30.59,34.55,41.7,44.15,51.17,62.3
Outcome short,,,-0.061996779,0.264806867,-0.066508314,-0.135950563,-0.031973075,0.129943503,0.176538462,0.12945407,0.206946454,0.058752998,0.159003398,0.21751026
Outcome long,,,,0.186392915,0.180686695,-0.193417034,-0.163576881,0.093815734,0.32942199,0.328846154,0.363190585,0.277858177,0.227098321,0.411098528
capital allocation gap,,2.708882867,1.689114135,1.890537199,0.912918749,0.889846089,0.740414572,0.707194191,0.433788655,0.592099331,0.667035875,1.020257517,1.059804951,1.002140197
%dividends,,2.174766637,0.246112191,0.213812093,0.185776421,0.234700846,0.190171562,0.191894495,0.201890849,0.258557902,0.273183189,0.333086153,0.330262566,0.314942465
% capital expenditure,,0.048900933,0.109552902,0.1272196,0.147233019,0.16383884,0.082125203,0.087241609,0.072883071,0.147643325,0.168758846,0.200350546,0.250352588,0.254322086
% repurchase,,0.485215297,1.333449042,1.549505507,0.57990931,0.491306403,0.468117808,0.428058087,0.159014735,0.185898103,0.22509384,0.486820817,0.479189797,0.432875646
free cash flow trend 3 year,,0.194908148,0.043610501,0.08619692,0.144254487,0.280705599,0.326134617,0.302757749,0.41488579,0.35120979,0.326044163,0.100492182,0.091957966,0.064650768
capital invested/free cash flow (1 year),,-6.027862595,-4.016911995,5.156706507,5.690027786,98.25925926,5.859453726,6.190703518,-18.15541796,10.03511637,2.068999847,-1.860559956,-3.468758678,-6.217381228
net margins,,0.308,0.2845,0.2751,0.2926,0.2493,0.3002,0.331,0.2303,0.2808,0.2542,0.1303,0.1969,0.194
cash flow growth,,0.194908148,0.043610501,0.08619692,0.144254487,0.280705599,0.326134617,0.302757749,0.41488579,0.35120979,0.326044163,0.100492182,0.091957966,0.064650768
Overvaluation (FCF),,1.267768849,1.043676599,1.295626478,1.354692284,1.090453385,1.127748821,1.309122421,1.695678272,1.806297249,1.920125445,1.897501183,1.962521934,1.655228397
Overvaluation (Earnings),,1.328518566,1.051099185,1.269604278,1.245438563,0.972791542,1.13148531,1.214174395,1.378704223,1.399931004,1.562753568,1.775730301,1.610189022,1.313957539
FCF/PRICE,,194.4747082,261.2848606,182.1000705,194.3534231,229.8036466,185.8563536,187.4940786,143.5120148,128.5111904,130.7072283,124.5476003,97.03006157,99.07091392
P/E,,18.35714286,15.21212121,19.35879945,18.27807487,18.81266491,18.75647668,19.19090909,23.0212766,22.83703704,25.81208054,27.48108108,25.56481481,23.23348018
Market cap,,21.472864,20.56192,28.499622,33.571596,27.69292,35.0416,39.51792,49.5556,55.12404,66.9204,87.13976,92.88004,87.835
capital invested/free cash flow (3 years,,4.175049801,13.44504934,14.6488178,3.12919104,3.438105063,-12.83306581,-354.1548387,2.853416797,4.547491039,9.729549249,4.80789321,3.619202226,2.645823612
Price,,10.28,10.04,14.19,17.09,14.26,18.1,21.11,27.05,30.83,38.46,50.84,55.22,52.74
Outcome short,,,-0.023346304,0.413346614,0.204369274,-0.165593915,0.269284712,0.166298343,0.281383231,0.13974122,0.247486215,0.321892876,0.086152636,-0.044911264
Outcome long,,,,0.380350195,0.702191235,0.004933051,0.059098888,0.480364656,0.494475138,0.460445287,0.42181146,0.64904314,0.435777431,0.037372148
capital allocation gap,,0.668491755,0.830805204,0.874221536,1.089758818,0.905247394,0.499683944,1.570640177,1.64254386,0.981200528,1.429472287,0.939316239,1.745155039,1.429645219
%dividends,,0.150697141,0.174410936,0.182945654,0.21324175,0.26882092,0.159608091,0.306291391,0.339364035,0.231860158,0.265184202,0.192094017,0.330103359,0.315995189
% capital expenditure,,0.163684981,0.200071947,0.166870708,0.231988845,0.26248488,0.105878635,0.238410596,0.308662281,0.197229551,0.292067707,0.205769231,0.369186047,0
% repurchase,,0.354109633,0.456322321,0.524405174,0.644528224,0.373941593,0.234197219,1.02593819,0.994517544,0.552110818,0.872220378,0.541452991,1.045865633,1.11365003
free cash flow trend 3 year,,0.645080589,0.787912955,0.45266415,0.366897686,0.166908411,0.335938874,0.22418793,0.224982436,-0.024632848,0.172360364,0.577205882,0.618026395,0.410852713
capital invested/free cash flow (1 year),,4.101155167,-50.53787879,4.984713376,1.367071153,7.426914153,-4.649137223,2.327150084,0.952416918,-11.70192308,2.643122677,4.057860262,1.575,0
net margins,,0.0882,0.0931,0.0914,0.1011,0.0775,0.1003,0.106,0.0948,0.0977,0.0969,0.107,0.1161,0.116
cash flow growth,,0.645080589,0.787912955,0.45266415,0.366897686,0.166908411,0.335938874,0.22418793,0.224982436,-0.024632848,0.172360364,0.577205882,0.618026395,0.410852713
Overvaluation (FCF),,1.070787616,0.903496022,0.931515062,0.835394814,0.627160977,0.667336763,0.674282937,0.861911905,1.089185179,1.207735004,1.230500302,1.20233406,1.253022781
Overvaluation (Earnings),,1.243609589,1.056475089,0.93315849,0.843503361,0.638488815,0.809160311,0.800019301,1.080646328,1.134119779,1.035036215,1.004104836,1.146556049,1.504076656
FCF/PRICE,,983.9345482,1218.353345,853.2432432,960.624725,1525.070582,2046.454096,1633.866362,1335.90573,1163.716108,762.8468821,693.0016051,910.7496902,1033.571216
P/E,,18.04697987,21.39449541,9.736842105,19.42735043,14.75833333,14.78861789,17.16666667,17.03937008,12.92783505,9.601880878,21.93661972,29.08108108,33.63
Market cap,,200.94897,171.65852,184.5116,153.67753,119.417467,146.7933,140.29012,163.923,182.48208,196.00137,195.96465,199.329,204.07878
capital invested/free cash flow (3 years,,0.50851538,-2.432039501,-3.798508142,24.21894219,-8.12805107,0.529126985,0.536769892,-2.552354797,-3.076586742,-3.058967758,-3.263165227,-27.23853211,2.112585506
Price,,26.89,23.32,25.9,22.73,17.71,18.19,17.51,21.64,25.08,30.63,31.15,32.28,33.63
Outcome short,,,-0.132763109,0.110634648,-0.122393822,-0.220853498,0.027103331,-0.037383178,0.23586522,0.15896488,0.221291866,0.01697682,0.036276083,0.041821561
Outcome long,,,,-0.03681666,-0.025300172,-0.316216216,-0.199736032,-0.011293055,0.189664651,0.432324386,0.415434381,0.242025518,0.053868756,0.079614767
capital allocation gap,,0.877723378,0.777709903,0.915141526,1.494795177,0.588990021,0.407126063,0.75091671,0.845652174,0.9662606,1.376102692,0.781377717,1.005788313,0.974472732
%dividends,,0.311015912,0.37704473,0.393259066,0.597244065,0.468307929,0.334478809,0.531517374,0.308003953,0.39018273,0.372087763,0.391458864,0.478224917,0.4931404
% capital expenditure,,0.159179927,0.142944411,0.125213141,0.14910507,0.093266806,0.072647254,0.132093592,0.09298419,0.084736654,0.082843248,0.093762957,0.1030871,0.129137943
% repurchase,,0.40752754,0.257720763,0.396669319,0.748446042,0.027415287,0,0.087305745,0.444664032,0.491341216,0.921171681,0.296155896,0.424476295,0.352194389
free cash flow trend 3 year,,0.835236542,0.675015654,0.56566079,0.194248366,0.149182243,-0.010047876,0.01311296,-0.018379587,0.005438167,0.181313339,0.062799031,0.013191577,-0.157746479
capital invested/free cash flow (1 year),,-3.281347027,-1.214718615,-25.73745819,5.10881295,-2.190331126,0.172160229,-0.87493399,-3.191585535,-1.818580921,-2.056682729,-2.364760433,2.692037229,0.87342552
net margins,,0.2319,0.1706,0.3998,0.1682,0.1678,0.1727,0.1267,0.164,0.2666,0.4265,0.1842,0.1425,0.1161
cash flow growth,,0.835236542,0.675015654,0.56566079,0.194248366,0.149182243,-0.010047876,0.01311296,-0.018379587,0.005438167,0.181313339,0.062799031,0.013191577,-0.157746479
Overvaluation (FCF),,1.046941913,1.031894435,1.068880169,0.977213412,0.793855809,0.892205258,0.934378232,0.928971961,1.170568779,1.1818908,1.166918472,1.20788793,1.149447536
Overvaluation (Earnings),,1.155982426,1.073231465,1.071551102,0.967365551,0.747826158,0.859281153,0.882062396,0.864996739,1.082195441,1.139770822,1.279446383,1.388970248,1.390610665
FCF/PRICE,,474.6729858,359.442446,501.9937898,509.093899,604.7162427,404.834945,429.3377379,406.644898,390.1415768,429.1385672,380.7515337,363.4108893,380.3827189
P/E,,20.84980237,21.06060606,20.12828947,16.70604396,11.99530516,14.59367397,16.17557252,16.73497268,19.94559585,19.59850374,32.06557377,22.94579946,22.77540107
Market cap,,130.447058,176.74128,190.958693,184.516391,149.0587,170.55313,175.815549,168.315,211.129677,213.041772,212.38248,225.89956,227.94105
capital invested/free cash flow (3 years,,6.538365952,0.285730586,0.35014853,16.96243876,-13.17876448,-4.207577497,3.796762196,17.11587302,-6.024930195,-9.942566459,-2.098372537,-1.966203374,-6.228349304
Price,,52.75,55.6,61.19,60.81,51.1,59.98,63.57,61.25,76.99,78.59,78.24,84.67,85.18
Outcome short,,,0.054028436,0.100539568,-0.006210165,-0.159677685,0.173776908,0.059853284,-0.036495202,0.256979592,0.02078192,-0.004453493,0.082183027,0.006023385
Outcome long,,,,0.16,0.093705036,-0.164896225,-0.013649071,0.244031311,0.021173725,0.211105868,0.283102041,0.016235875,0.077363532,0.088701431
capital allocation gap,,1.145062795,2.03956044,0.947673986,1.182569296,0.982103358,0.903994525,1.208702176,1.063459801,1.110266927,1.201031666,1.069756298,1.067962423,1.14743332
%dividends,,0.314667588,0.325538462,0.313286193,0.31016791,0.338092365,0.339596814,0.432633158,0.462134899,0.438311033,0.495128242,0.498836254,0.481762229,0.497386409
% capital expenditure,,0.251296232,0.234461538,0.219203573,0.202958422,0.217038676,0.190828771,0.248012003,0.298404095,0.269481611,0.275684195,0.255750274,0.214706835,0.232274494
% repurchase,,0.579098975,1.47956044,0.41518422,0.669442964,0.426972317,0.37356894,0.528057014,0.302920807,0.402474282,0.430219229,0.31516977,0.371493359,0.417772417
free cash flow trend 3 year,,0.467208166,0.32199047,0.298174206,0.489414229,0.474446598,0.373555496,0.113089557,-0.015589687,-0.098089089,-0.049773245,0.017640444,0.060597296,0.067671851
capital invested/free cash flow (1 year),,-9.935779817,0.10949465,-1.707634706,1.498997494,-1.105108798,6.991935484,1.376544905,-1.728486647,28.74338624,-2.951824818,-0.925119129,-2.384146341,-25.62863535
net margins,,0.122,0.1273,0.1352,0.1477,0.1752,0.1613,0.1455,0.1312,0.1412,0.1565,0.0995,0.1609,0.1627
cash flow growth,,0.467208166,0.32199047,0.298174206,0.489414229,0.474446598,0.373555496,0.113089557,-0.015589687,-0.098089089,-0.049773245,0.017640444,0.060597296,0.067671851
Overvaluation (FCF),,0.654613008,0.758060244,#DIV/0!,#DIV/0!,#DIV/0!,#DIV/0!,#DIV/0!,#DIV/0!,#DIV/0!,#DIV/0!,#DIV/0!,#DIV/0!,#DIV/0!
Overvaluation (Earnings),,0.981857667,1.260186788,1.178751546,0.893862289,0.710240257,0.706710078,0.768682899,0.846601695,1.04926943,1.125790982,1.194958944,1.214457823,1.141151071
FCF/PRICE,,0,0,0,0,0,0,0,0,0,0,0,0,0
P/E,,24.22875817,19.17167382,9.084602369,7.854014599,9.397089397,7.876777251,8.415407855,17.61011905,11.4,9.295687885,9.892523364,10.37316176,12.03763988
Market cap,,24.848021,30.974178,36.417927,34.69831,26.420304,25.942158,24.211566,23.241976,27.104868,32.00589,34.10487,33.395274,33.61268
capital invested/free cash flow (3 years,,0.093242807,0.078360758,0,0,0,0,0,0,0,0,0,0,0
Price,,37.07,44.67,53.69,53.8,45.2,49.86,55.71,59.17,71.82,90.54,105.85,112.86,118.33
Outcome short,,,0.205017534,0.201925229,0.002048799,-0.159851301,0.103097345,0.11732852,0.062107342,0.213790772,0.260651629,0.169096532,0.066225791,0.048467127
Outcome long,,,,0.448340977,0.204387732,-0.158130006,-0.073234201,0.232522124,0.186722824,0.28917609,0.530167315,0.473823448,0.246520875,0.117902692
capital allocation gap,,0.126884182,0.182950457,0.381650607,0.700151343,0.927660931,0.940912314,1.870006549,1.673582296,0.687616099,0.835953878,1.099647983,1.154047758,0.908448862
%dividends,,0.122495707,0.173816773,0.147046502,0.140370791,0.227852135,0.163791066,0.220366732,0.3065929,0.214860681,0.191037736,0.197400487,0.215200932,0.196442584
% capital expenditure,,0,0,0,0,0,0,0,0,0,0,0,0,0
% repurchase,,0.004388475,0.009133684,0.234604106,0.559780552,0.699808795,0.777121248,1.649639817,1.366989396,0.472755418,0.644916143,0.902247495,0.938846826,0.712006278
free cash flow trend 3 year,,31.08823529,2.787462687,0.759132567,0.139321723,0.04019546,-0.071397124,-0.237694727,-0.283679345,-0.332042671,-0.115897534,0.135921303,0.294569975,0.188279978
capital invested/free cash flow (1 year),,0,0,0,0,0,0,0,0,0,0,0,0,0
net margins,,0.0424,0.0666,0.1677,0.1768,0.1195,0.1468,0.1281,0.056,0.0961,0.1402,0.1359,0.1283,0.1084
cash flow growth,,31.08823529,2.787462687,0.759132567,0.139321723,0.04019546,-0.071397124,-0.237694727,-0.283679345,-0.332042671,-0.115897534,0.135921303,0.294569975,0.188279978
Overvaluation (FCF),,1.417116509,1.313422147,1.284514041,1.355364142,0.847287306,0.96379728,1.009004562,0.885330554,0.981604374,1.369113035,1.370287993,1.108499743,1.4664126
Overvaluation (Earnings),,0.992737035,0.982251698,1.09814126,1.165027817,0.799132656,1.0074125,1.114508911,0.996335288,1.029770553,1.264901422,1.19239083,0.911392137,0.98315808
FCF/PRICE,,253.3862229,274.4589519,243.2501599,228.2336033,369.4402985,258.0752053,225.254065,254.6996853,290.0378003,200.3514938,204.1304348,235.4324971,202.5975193
P/E,,19.57575758,18.45214521,16.85175202,17.92505855,10.93877551,16.84708738,16.60759494,13.3132969,14.48939929,18.208,16.86217009,11.15795587,12.90719258
Market cap,,52.827296,56.684354,62.251164,75.280917,50.953232,65.019123,72.522374,66.30871,75.354889,104.319322,104.5787,80.539324,91.61211
capital invested/free cash flow (3 years,,1.288769124,1.526146707,2.335113795,1.947691259,3.90575128,-17.01870324,3.662468514,4.35155351,0.591560972,0.524354538,7.896348645,-2.595096582,-5.727490421
Price,,51.68,55.91,62.52,76.54,53.6,69.41,78.72,73.09,82.01,113.8,115,96.07,111.26
Outcome short,,,0.081849845,0.11822572,0.224248241,-0.299712569,0.294962687,0.134130529,-0.071519309,0.122041319,0.387635654,0.010544815,-0.164608696,0.158113875
Outcome long,,,,0.209752322,0.36898587,-0.142674344,-0.093153906,0.468656716,0.053018297,0.041793699,0.55698454,0.402268016,-0.155799649,-0.032521739
capital allocation gap,,0.680478309,0.678818643,0.827191339,0.794371482,0.906670995,0.613114142,0.7653234,0.728482972,0.709159727,0.785080704,0.781761178,2.256244072,2.307924854
%dividends,,0.183537264,0.191970466,0.198001249,0.202626642,0.196396689,0.253315898,0.250931256,0.247987616,0.265253596,0.277446561,0.27917121,0.345241859,0.453897646
% capital expenditure,,0.221078977,0.214351638,0.198625859,0.216322702,0.197370557,0.154305997,0.141889604,0.14380805,0.443906132,0.33313945,0.298118866,0.33022447,0.444396459
% repurchase,,0.275862069,0.272496539,0.430564231,0.375422139,0.512903749,0.205492247,0.37250254,0.336687307,0,0.174494692,0.204471101,1.580777743,1.409630749
free cash flow trend 3 year,,-0.062726176,0.296807489,0.462890625,0.551587302,0.508005553,0.322861855,0.204119721,0.087455505,0.126276419,0.144776119,0.174897003,0.08265247,-0.0826898
capital invested/free cash flow (1 year),,1.191407912,1.04704797,3.651802657,0.867497404,-3.309906292,6.541907514,1.546064674,27.93434343,0.153502173,1.934204977,-7.650817236,-0.899384419,0.980937857
net margins,,0.0714,0.0718,0.078,0.0771,0.0785,0.073,0.0837,0.0893,0.0889,0.1011,0.1074,0.1356,0.1301
cash flow growth,,-0.062726176,0.296807489,0.462890625,0.551587302,0.508005553,0.322861855,0.204119721,0.087455505,0.126276419,0.144776119,0.174897003,0.08265247,-0.0826898
Overvaluation (FCF),,1.553865033,1.747881085,1.241701475,1.214964814,0.54102582,0.601736523,0.682063709,0.884106475,0.879660765,1.123878118,1.402878947,1.549622796,1.642874087
Overvaluation (Earnings),,1.715989936,1.850182863,1.251731517,1.142435051,0.528837011,0.599504825,0.687820519,0.857168309,0.866801969,1.134390922,1.478148365,1.54390349,1.899410921
FCF/PRICE,,257.3602908,267.9916318,344.2583287,317.7319588,742.8947368,727.1325459,656.327887,472.0205209,499.9262537,370.2656042,302.9280839,364.6548793,315.0573437
P/E,,24.05464481,26.9004329,18.09090909,17.01754386,11.08333333,9.407407407,8.807317073,10.71458774,10.27272727,13.69090909,17.73508772,19.57404326,23.95568685
Market cap,,56.60972,84.38612,72.26685,72.9246,32.127746,34.96056,39.21546,52.65652,55.27056,74.3964,96.43986,112.11092,154.36557
capital invested/free cash flow (3 years,,1.016190829,10.24267782,1.892219947,3.452929875,1.590158447,4.366284779,42.50154799,2.64498202,1.227125106,1.377562953,4.365306609,1.913671765,2.676805716
Price,,44.02,62.14,53.73,58.2,26.6,30.48,36.11,50.68,54.24,75.3,101.09,117.64,162.18
Outcome short,,,0.411631077,-0.135339556,0.083193747,-0.542955326,0.145864662,0.184711286,0.403489338,0.070244672,0.388274336,0.34249668,0.163715501,0.378612717
Outcome long,,,,0.220581554,-0.063405214,-0.504932068,-0.47628866,0.357518797,0.662729659,0.502076987,0.485793212,0.863753687,0.562284197,0.604312988
capital allocation gap,,0.973744583,0.755571883,0.47716825,1.277862855,0.82869278,0.457955556,0.612784951,0.676234214,0.695178197,0.791446145,0.856415352,0.466324435,0.34203194
%dividends,,0.004588325,0.004653441,0.006282562,0.006806194,0.008730533,0.0064,0.071576598,0.093427095,0.114605171,0.151051352,0.169171531,0.183367556,0.145565749
% capital expenditure,,0.090746877,0.124663238,0.111553785,0.148204866,0.186644644,0.131377778,0.139964929,0.153128588,0.149545772,0.186954656,0.189417464,0.159753593,0.115800204
% repurchase,,0.878409381,0.626255205,0.359331903,1.122851795,0.633317603,0.320177778,0.401243424,0.42967853,0.431027254,0.453440137,0.497826357,0.123203285,0.080665987
free cash flow trend 3 year,,1.052920509,0.902038701,0.998899587,0.763397155,0.511581433,0.083126892,-0.021230135,0.133705907,0.295806861,0.308502727,0.176561009,0.215042165,0.53954722
capital invested/free cash flow (1 year),,-0.634358883,0.543243654,22.38610039,1.281946223,0.681629425,-2.440559441,2.320430108,1.555760612,0.586732234,2.314332248,3.761383285,0.91728312,9.073221757
net margins,,0.0631,0.0664,0.0581,0.0617,0.0367,0.0439,0.0492,0.0505,0.05,0.0459,0.0431,0.037,0.0362
cash flow growth,,1.052920509,0.902038701,0.998899587,0.763397155,0.511581433,0.083126892,-0.021230135,0.133705907,0.295806861,0.308502727,0.176561009,0.215042165,0.53954722
Overvaluation (FCF),,1.163044022,0.896058029,1.093989292,1.271352486,0.964207293,0.823669779,0.818281412,0.849091566,0.92443138,0.929492266,0.932908586,0.962773419,1.429399293
Overvaluation (Earnings),,1.228303317,0.974307858,1.005251273,1.158530041,0.900333775,0.957562494,1.266749729,1.834865758,3.188506947,1.999769176,1.519236609,1.006204541,1.091374472
FCF/PRICE,,636.6363887,988.5227693,931.3329486,608.4849975,817.4818555,940.7814014,855.1425377,766.7248255,622.9720361,550.4680505,598.2684908,758.3729987,555.3152493
P/E,,13.02150538,10.19245283,16.3490566,21.4,14.02212389,18.00581395,39.75555556,47.2,139.5806452,12.285,19.33057851,10.57665904,15.86046512
Market cap,,100.632647,74.639704,100.912937,116.971501,94.043561,91.906882,101.150776,113.700882,123.690324,145.828355,194.369029,196.082341,222.42113
capital invested/free cash flow (3 years,,12.96782963,13.48052605,1.831996187,1.097058679,1.670047108,0.906367452,2.553366584,-4.613898803,3.233690438,6.40763976,-37.27220864,4.034873507,3.798125606
Price,,36.33,27.01,34.66,40.66,31.69,30.97,35.78,40.12,43.27,49.14,46.78,46.22,54.56
Outcome short,,,-0.256537297,0.283228434,0.173110214,-0.220609936,-0.022720101,0.155311592,0.121296814,0.078514457,0.13565981,-0.048026048,-0.011970928,0.180441367
Outcome long,,,,-0.04596752,0.505368382,-0.085689556,-0.238317757,0.129062796,0.295447207,0.209334824,0.224825523,0.081118558,-0.059422059,0.166310389
capital allocation gap,,0.799687945,0.892712826,0.975690699,0.977271844,0.856406721,0.705415737,0.679075623,0.739422431,0.816331068,0.59954145,0.827527668,1.063164655,0.935094018
%dividends,,0.195585333,0.200998865,0.195760392,0.18543844,0.181224371,0.16791972,0.162215628,0.186534587,0.166105571,0.152918749,0.254741928,0.219316722,0.322503821
% capital expenditure,,0.587123124,0.679409762,0.709408446,0.681378453,0.62553979,0.537496018,0.516859995,0.552887844,0.650225497,0.44268123,0.57278574,0.711970203,0.61045747
% repurchase,,0.016979487,0.0123042,0.070521862,0.110454952,0.049642559,0,0,0,0,0.00394147,0,0.131877729,0.002132727
free cash flow trend 3 year,,0.266755776,0.154052407,0.060039017,0.083358456,0.167750404,0.24681252,0.284402393,0.22132503,0.117410198,0.084216228,0.067722383,0.145304294,-0.023879941
capital invested/free cash flow (1 year),,5.185590778,29.17768595,0.567344294,1.031572327,1.407008454,0.49860906,-1.232622161,3.749647986,1.229541141,-12.12668161,23.49371634,1.035651612,-7.097797927
net margins,,0.1191,0.1064,0.0703,0.0591,0.066,0.0454,0.0239,0.0217,0.0076,0.0954,0.0757,0.1358,0.1096
cash flow growth,,0.266755776,0.154052407,0.060039017,0.083358456,0.167750404,0.24681252,0.284402393,0.22132503,0.117410198,0.084216228,0.067722383,0.145304294,-0.023879941
Overvaluation (FCF),,,,,,,2.665594855,1.746135177,1.767165917,2.174262766,1.6648431,1.824690812,1.910504897,1.903090997
Overvaluation (Earnings),,,,,,1.684782609,1.419724827,1.244282164,1.948604106,2.024562993,1.712925316,1.739338122,1.8531464,1.637837303
FCF/PRICE,,,,,466.7752443,257.0601852,188.368336,161.0359309,236.937742,90.72833822,112.5984252,76.87338501,97.29141475,99.28430405
P/E,,,,,105.862069,22.29677419,18.51445663,16.6124031,42.49367089,25.14736842,24.69444444,27,33.34677419,32.8097166
Market cap,,0,0,0,51.841862,43.607462,46.045801,51.165839,80.016781,107.962732,116.685517,149.739743,170.244566,165.48823
capital invested/free cash flow (3 years,,0,1.386454183,-0.577981651,0.038194608,0.030971721,0.834468463,1.294962531,3.133904818,-7.585400425,-21.99682035,10.26920508,0.969356763,0.853993912
Price,,0,0,0,15.35,17.28,18.57,21.43,33.57,47.78,53.34,69.66,82.7,81.04
Outcome short,,,,,,0.125732899,0.074652778,0.154011847,0.566495567,0.423294608,0.116366681,0.305961755,0.187194947,-0.020072551
Outcome long,,,,,,,0.209771987,0.240162037,0.807754443,1.229584694,0.588918677,0.457932189,0.550431196,0.163364915
capital allocation gap,,#DIV/0!,0.226666667,0.316831683,26.2787194,5.860215054,0.597918989,0.723140496,0.335595927,2.217074785,0.787925052,0.683626974,1.620021529,1.620021529
%dividends,,#DIV/0!,0,0,0.175141243,0.569892473,0.136752137,0.109245868,0.118786185,0.285903375,0.13962526,0.178766707,0.24219591,0.24219591
% capital expenditure,,#DIV/0!,0.226666667,0.316831683,0.781544256,0.548387097,0.089557785,0.091167355,0.075064883,0.155857048,0.076752255,0.062879708,0.093828489,0.093828489
% repurchase,,#DIV/0!,0,0,25.3220339,4.741935484,0.371609067,0.522727273,0.141744859,1.775314361,0.571547536,0.441980559,1.28399713,1.28399713
free cash flow trend 3 year,,,,,,2.542222222,2.958115183,3.792059219,6.259723965,2.148941799,1.139587137,0.452730729,0.626732756,0.163822526
capital invested/free cash flow (1 year),,0,21.75,-0.283950617,0.005179496,0.4032,0.890261628,1.714912281,3.480841473,-0.930342815,3.14813062,-10.01623377,0.265088695,#DIV/0!
net margins,,0.1351,0.1543,-0.2997,0.1284,0.3405,0.3678,0.3973,0.2057,0.4228,0.4281,0.4559,0.3972,0.3972
cash flow growth,,,,,,2.542222222,2.958115183,3.792059219,6.259723965,2.148941799,1.139587137,0.452730729,0.626732756,0.163822526
Overvaluation (FCF),,3.636847417,2.942360637,2.758532887,,1.93044885,1.546006529,1.24590051,1.179937653,1.212682039,1.207108755,1.223428493,0.894721087,0.798270965
Overvaluation (Earnings),,1.361323067,1.096843503,1.02905787,1.027578972,0.916488021,0.972858645,0.944040455,0.957943031,1.006012969,1.024806371,1.148565696,0.925030279,0.989265363
FCF/PRICE,,824.0839695,1058.880937,1093.478717,1152.502956,1175.509338,1039.547071,1043.053326,1015.319426,1026.704789,928.561864,767.8630266,973.7643159,1071.087993
P/E,,21.74273859,17.20522388,17.59778598,16.21086262,13.89970501,14.40161725,12.54362416,13.57522124,13.93426295,15.30327869,16.82772277,14.52078775,15.01301518
Market cap,,221.8616,192.04815,197.00739,201.59002,186.17112,202.28598,197.14212,209.72848,231.8143,241.44044,274.31544,209.83032,212.6955
capital invested/free cash flow (3 years,,0.979716704,0.559534682,0.50713295,0.819175573,2.348328201,4.199379469,2.614621969,2.031592704,3.941985783,9.408797983,7.009471051,-22.72162741,-23.17070009
Price,,52.4,46.11,47.69,50.74,47.12,53.43,56.07,61.36,69.95,74.68,84.98,66.36,69.21
Outcome short,,,-0.120038168,0.034265886,0.063954707,-0.071344107,0.133913413,0.049410444,0.094346353,0.139993481,0.067619728,0.1379218,-0.219110379,0.042947559
Outcome long,,,,-0.089885496,0.100412058,-0.011952191,0.053015372,0.189940577,0.148418491,0.247547708,0.217079531,0.214867763,-0.111408677,-0.185573076
capital allocation gap,,1.300584951,1.130475303,1.011728148,1.287904097,0.810731412,0.902015315,1.34974411,1.024778396,1.010472432,1.115234123,0.678266349,0.79897039,0.799519171
%dividends,,0.147168306,0.137656927,0.140437049,0.176181586,0.161835227,0.160653739,0.18766654,0.208122037,0.209487711,0.263963538,0.216531298,0.229800285,0.195079306
% capital expenditure,,0.851036958,0.796557206,0.785184443,0.733860666,0.49678144,0.464170064,0.537114579,0.556998557,0.504005314,0.56391624,0.426200812,0.41903684,0.334488572
% repurchase,,0.302379686,0.19626117,0.086106656,0.377861845,0.152114745,0.277191512,0.624962991,0.259657803,0.296979407,0.287354345,0.035534239,0.150133265,0.269951293
free cash flow trend 3 year,,0.555426069,0.487593576,0.347090081,0.329254172,0.287575333,0.310179011,0.247527627,0.168534191,0.053605735,0.000876244,0.044034148,0.077848385,0.203521059
capital invested/free cash flow (1 year),,0.245777583,0.31758665,0.504057392,0.688135163,9.547540984,2.271112546,1.398236872,1.099570201,-12.08857143,2.195713358,16.77584442,-5.592970123,40.14124294
net margins,,0.0361,0.036,0.0324,0.0336,0.0331,0.0352,0.0389,0.0352,0.0363,0.0336,0.0337,0.0305,0.0298
cash flow growth,,0.555426069,0.487593576,0.347090081,0.329254172,0.287575333,0.310179011,0.247527627,0.168534191,0.053605735,0.000876244,0.044034148,0.077848385,0.203521059
