Overvaluation (FCF),Overvaluation (Earnings),FCF/PRICE,P/E,Market cap,capital invested/free cash flow (3 years,Price,Outcome short,Outcome long,capital allocation gap,%dividends,% capital expenditure,% repurchase,free cash flow trend 3 year,capital invested/free cash flow (1 year),net margins
,,,,,,,,,,,,,,,
1.185023632,1.318703589,73.97343731,23.05337079,63.482786,5.298892989,82.07,,,0.911305582,0.266083254,0.221617786,0.423604541,0.295580436,2.747078464,0.142
0.990484989,1.104567451,67.58709677,19.47236181,58.511725,2.718512257,77.5,-0.055684172,,1.095623216,0.305899144,0.224310181,0.565413892,0.453668414,1.387069332,0.147
0.975448295,0.966282789,93.96894649,15.40118577,57.228675,53.31213873,77.93,0.005548387,-0.050444742,1.275071633,0.358426674,0.304245897,0.612399062,0.246672762,-1.226354454,0.168
1.032769041,0.903265885,63.59108159,15.05714286,59.669891,3.334348819,84.32,0.081996664,0.088,1.422750824,0.325011776,0.334903439,0.76283561,0.117893205,0.587843464,0.1674
0.721950865,0.625868534,101.4772332,11.76687117,39.872918,1.506779363,57.54,-0.31759962,-0.261645066,0.992720053,0.30840503,0.324509155,0.359805868,0.033838591,3.499428571,0.1369
0.94296436,0.923920392,59.2355147,18.28982301,58.745302,5.796728972,82.67,0.436739659,-0.019568311,0.475814612,0.289617486,0.182756527,0.003440599,0.118083286,4.82437276,0.1381
0.918631433,0.950965057,70.5561993,15.3285968,61.443874,6.022078621,86.3,0.04390952,0.499826208,0.665829146,0.289911094,0.210862002,0.165056049,0.19196029,4.002941176,0.1532
0.840442374,0.878009466,66.57286186,13.71308725,56.799898,3.063168619,81.73,-0.052954809,-0.011370509,1.066426949,0.294284633,0.260976533,0.511165783,0.220399429,1.343771507,0.1446
0.957596818,0.99783508,66.77436726,14.6914557,63.796307,3.319460067,92.85,0.136057751,0.07589803,1.004339623,0.308490566,0.28,0.415849057,0.148542274,5.870769231,0.1486
1.375945413,1.37795632,53.46167558,20.87053571,93.027825,53.96818182,140.25,0.510500808,0.716016151,1.479628675,0.29740416,0.286230015,0.895994499,0.119675041,-9.655813953,0.1509
1.449419788,1.488947169,36.29503408,21.93858478,104.364562,-10.59951456,164.32,0.171622103,0.769736134,1.412767884,0.334440085,0.225324479,0.85300332,0.152217676,-6.368486352,0.1557
1.207387143,1.283383815,47.25172597,19.87335092,91.789471,14.6996904,150.64,-0.083252191,0.074081996,1.442367601,0.398909657,0.227570093,0.81588785,0.197042772,2.793802817,0.1596
1.296289605,1.374760264,36.01373023,22.38161209,106.8866,5.02373212,177.71,0.179699947,0.081487342,1.183183625,0.389044323,0.210572817,0.583566485,0.209499421,4.120676403,0.164
Overvaluation (FCF),Overvaluation (Earnings),FCF/PRICE,P/E,Market cap,capital invested/free cash flow (3 years,Price,Outcome short,Outcome long,capital allocation gap,%dividends,% capital expenditure,% repurchase,free cash flow trend 3 year,capital invested/free cash flow (1 year),net margins
,,,,,,,,,,,,,,,
1.304915707,1.267454118,0,18.41791045,61.65064,0.48491735,49.36,,,0.415399759,0.058514711,0.080936235,0.275948813,0.067831287,0.437314598,0.1634
1.294272779,1.195153041,0,17.32659933,63.86186,-0.288658443,51.46,0.042544571,,0.207085146,0.074207582,0.042883779,0.089993785,-0.030711022,-0.095942982,0.1665
1.153929245,1.176042095,0,20.2909699,72.74333,-0.371256849,60.67,0.17897396,0.229132901,0.472453907,0.072541703,0.082748025,0.317164179,0.590469279,0.58166887,0.1493
0.981507742,0.944340441,0,15.48214286,60.23916,0.661375514,52.02,-0.142574584,0.010882239,0.508185137,0.083853492,0.103992463,0.320339183,0.26003439,0.355281591,0.1456
0.361677854,0.377687791,0,7.995689655,21.51596,-10.0940133,18.55,-0.643406382,-0.694247569,0.261289078,0.107551782,0.125691496,0.0280458,0.286424009,-0.287126621,0.0952
0.879238385,0.943318562,0,26.31168831,48.29984,-0.811813969,40.52,1.184366577,-0.22106882,0.267634527,0.14581032,0.121824207,0,-0.140646388,-5.990312164,0.0869
0.995653341,1.068119643,0,12.8119403,51.37524,0.980451128,42.92,0.05923001,1.313746631,0.267499141,0.099324092,0.100584259,0.067590789,-0.10952121,0.364417007,0.1471
1.091395537,1.038741273,0,11.44902913,54.90588,0.780185868,47.17,0.099021435,0.164116486,0.445331695,0.088144963,0.121723997,0.235462735,-0.021358764,1.290463297,0.1647
1.224144266,1.119071072,0,14.77634961,63.5154,3.48147574,57.48,0.218571126,0.339235788,0.834086416,0.127365151,0.148686812,0.558034454,0.131764081,-30.60406091,0.142
1.755612719,1.530079583,0,18.59221311,96.53672,582.8684211,90.73,0.578462074,0.923468306,0.688896689,0.10986311,0.117702118,0.461331461,0.112001401,32.0893617,0.163
1.550362613,1.355974486,0,16.73381295,95.17992,3.9183297,93.04,0.025460157,0.618649965,0.602820746,0.094722475,0.108735214,0.399363057,0.071877265,1.71002095,0.1721
1.030976693,0.964375066,0,13.77227723,67.39395,3.453323089,69.55,-0.252472055,-0.233439877,0.637349617,0.106817353,0.122220197,0.408312067,0.192736229,4.628063431,0.1573
1.099242098,1.043386806,0,13.34513274,69.01025,-4.544708348,75.4,0.08411215,-0.189595873,0.903659447,0.148867314,0.178864824,0.575927309,0.18108438,-0.845010888,0.1687
Overvaluation (FCF),Overvaluation (Earnings),FCF/PRICE,P/E,Market cap,capital invested/free cash flow (3 years,Price,Outcome short,Outcome long,capital allocation gap,%dividends,% capital expenditure,% repurchase,free cash flow trend 3 year,capital invested/free cash flow (1 year),net margins
,,,,,,,,,,,,,,,
2.794759615,5.977743217,455.2219321,34.66063348,44.773772,-25.46774194,7.66,,,0.102564103,0,0.102564103,0,2.290718039,-13.62275449,0.0953
3.236155949,4.645754664,588.2727273,33.95061728,65.85524,6.67053701,11,0.436031332,,0.455855856,0,0.295945946,0.15990991,9.104795737,1.825934579,0.103
3.996155509,4.931847398,424.2244526,39.07308378,133.850096,9.308724832,21.92,0.992727273,1.861618799,0.180804388,0,0.180255941,0.000548446,6.793445122,118,0.1422
1.57919508,2.136094724,699.5689655,16.75954592,100.706351,6.960963855,16.24,-0.259124088,0.476363636,0.137869946,0,0.124947895,0.012922051,3.599787121,4.122238586,0.1632
1.650839557,2.063424796,434.5166163,20.41634541,23.826969,1.838992333,26.48,0.630541872,0.208029197,0.119401516,0,0.119401516,0,3.43399543,0.909886086,0.1919
1.593441622,1.759740737,511.149482,18.73382625,37.133424,1.293588861,40.54,0.530966767,1.496305419,0.11406292,0,0.11406292,0,2.750611247,1.010055181,0.2148
1.361702805,1.506334389,513.4936662,13.77592312,50.617882,1.111763292,54.47,0.343611248,1.057024169,0.198566442,0,0.198566442,0,2.834490339,0.89493573,0.2395
1.561670952,1.63443771,404.4281217,15.10301109,89.506713,1.106257542,95.3,0.749586929,1.350764677,0.233797389,0.048922448,0.184874941,0,3.241030723,0.902272332,0.2667
0.880378297,0.941262467,640.9925121,11.99119718,61.245193,1.924221585,68.11,-0.285309549,0.250413071,0.791935304,0.196847166,0.169120113,0.425968024,2.704067797,3.095882802,0.2167
1.097184747,1.149135333,629.7568238,15.62015504,591.01562,3.89290112,100.75,0.479224783,0.057187828,1.104265403,0.186324586,0.164336074,0.753604743,1.477784651,2.432010917,0.2161
1.016044986,1.059594836,730.8250227,11.96312364,615.336125,3.623185849,110.3,0.094789082,0.619439143,0.7174218,0.142261216,0.141362932,0.433797652,0.819452234,2.811361805,0.2285
0.943953851,0.973846118,698.858912,13.60409146,603.254019,5.338362671,113.05,0.024932004,0.122084367,0.841942149,0.184583131,0.205821585,0.451537433,0.455836284,7.072926532,0.2119
0.923893775,0.950857,677.5233685,14.06634499,621.80103,23.58679475,116.61,0.031490491,0.057207616,0.841942149,0.184583131,0.205821585,0.451537433,0.296398453,#DIV/0!,0.2119
Overvaluation (FCF),Overvaluation (Earnings),FCF/PRICE,P/E,Market cap,capital invested/free cash flow (3 years,Price,Outcome short,Outcome long,capital allocation gap,%dividends,% capital expenditure,% repurchase,free cash flow trend 3 year,capital invested/free cash flow (1 year),net margins
,,,,,,,,,,,,,,,
1.143618063,2.009796003,446.1271006,22.50869565,43.081959,-12.56060606,51.77,,,0.755136986,0.184931507,0.355593607,0.214611872,-0.349377335,-6.46991404,0.0357
1.35798015,1.841035228,400.4271071,21.95,56.203941,-2.389876543,70.24,0.35677033,,0.749142857,0.117142857,0.221,0.411,-0.061043206,-1.473385571,0.048
1.421995142,2.125322969,334.3201261,31.17192982,70.071662,-0.973449417,88.84,0.264806378,0.716051767,0.578077077,0.127483664,0.224163222,0.226430191,0.660946582,-0.570559969,0.036
1.090673783,1.495850405,360.599131,16.56439394,67.172778,-2.439721793,87.46,-0.015533543,0.245159453,0.603505843,0.114357262,0.199603506,0.289545075,1.304813858,3.152897657,0.0614
0.476731271,0.69082765,721.1858449,11.626703,43.193134,2.795024876,42.67,-0.512119826,-0.519698334,-14.91521197,-2.972568579,-4.618453865,-7.324189526,0.262544464,-1.419659735,0.0439
0.580286605,0.926001974,607.4819878,29.41847826,39.330858,-50.95854922,54.13,0.268572768,-0.381088498,0.438336605,0.217740496,0.211672318,0.008923791,-0.17869244,-2.481460674,0.0192
1.047160483,1.145867199,542.3689856,14.66516854,47.983068,1.3632946,65.26,0.205616109,0.529411765,0.806233062,0.424457995,0.381775068,0,-0.661420919,0.387802805,0.0514
1.196903373,1.090784587,562.6993865,13.73595506,54.623745,0.900874328,73.35,0.123965676,0.355071125,0.735023614,0.309221974,0.425801641,0,-0.246013667,0.482556925,0.0585
1.195861227,1.016606047,596.8949045,14.74755382,56.944277,1.289497598,75.36,0.027402863,0.154765553,0.403835908,0.176078849,0.227757059,0,-0.020492358,1.988340192,0.0477
1.725258722,1.586634527,377.2144479,22.90100671,102.009896,-9.236686391,136.49,0.811173036,0.860804363,0.795451767,0.17936178,0.273627583,0.342462404,1.417218543,-1.338967771,0.0529
1.428645498,1.319801017,371.0801662,17.61246612,91.860765,14.80725806,129.98,-0.047695802,0.724787686,1.168661097,0.238767216,0.252427184,0.677466697,0.95142312,1.166461159,0.06
1.29557262,1.341289974,348.6548171,19.43413978,96.386586,3.23253112,144.59,0.112401908,0.059345007,1.248638257,0.265940404,0.261668269,0.721029585,0.822826762,19.86494253,0.0539
1.160646991,1.35076863,305.8278146,24.09574468,97.85165,-27.00373599,158.55,0.096548862,0.219803047,1.16632672,0.249582793,0.24448359,0.672260337,0.471689498,-7.079930495,0.0452
Overvaluation (FCF),Overvaluation (Earnings),FCF/PRICE,P/E,Market cap,capital invested/free cash flow (3 years,Price,Outcome short,Outcome long,capital allocation gap,%dividends,% capital expenditure,% repurchase,free cash flow trend 3 year,capital invested/free cash flow (1 year),net margins
,,,,,,,,,,,,,,,
#DIV/0!,1.770175436,326.4766202,16.93055556,33.443021,-3.170957096,48.76,,,-0.79854673,-0.133801052,-0.529691807,-0.135053871,-3.044002411,-2.253599114,0.0671
4.873085745,1.516020824,334.637355,14.29950495,38.75616,-4.135554837,57.77,0.184782609,,1.515258593,0.198522326,0.775778991,0.540957276,-78.25,1.827225131,0.0785
1.268333941,1.144117076,323.202348,11.86266925,39.607527,-0.52290426,61.33,0.06162368,0.257793273,1.139679255,0.125193999,0.461286429,0.553198827,-1.648694964,0.784136546,0.0852
1.103088027,1.064394375,306.5738699,13.51210428,45.276714,1.545824487,72.56,0.183107778,0.256015233,0.790697674,0.106222502,0.382149591,0.302325581,-2.243512238,2.946642686,0.0788
0.745806652,0.574505465,573.6512201,7.892226148,26.870345,1.06018741,44.67,-0.384371555,-0.271645198,1.421018836,0.203981164,0.831763699,0.385273973,-3.839574665,0.118088942,0.0693
0.885405963,0.876919694,332.9531497,39.85314685,35.602793,2.835324978,56.99,0.275800313,-0.214581036,0.538698261,0.158332051,0.38036621,0,2.886608413,-1.248682171,0.0276
2.089993131,1.436615405,235.1057015,22.5686747,59.831881,-7.143139191,93.66,0.643446219,1.096709201,0.732681174,0.216410461,0.516270713,0,-0.04073042,1.095388788,0.0634
1.457014845,1.335949942,312.99117,12.24324324,58.666218,0.696869489,90.6,-0.032671365,0.589752588,0.730631019,0.166594797,0.564036223,0,0.002116574,0.266146016,0.0819
2.297658185,1.090040863,328.255775,10.56721698,58.699031,0.355368206,89.61,-0.010927152,-0.043241512,1.291087963,0.311921296,0.979166667,0,-0.103314859,0.025346163,0.0862
1.585108213,1.048534167,300.5946482,15.79304348,57.920434,5.184364061,90.81,0.013391363,0.002317881,0.74153665,0.109017761,0.436267295,0.196251595,0.380222497,-2.255594817,0.0681
1.424049626,1.01760156,304.5668087,15.56632653,55.48274,-2.28835289,91.53,0.007928642,0.02142618,1.146456497,0.201067395,0.419386869,0.526002234,0.268995397,-2.276399027,0.067
0.894487,0.849529575,387.0364921,19.41714286,39.574467,-2.392289073,67.96,-0.257511199,-0.25162427,1.055131086,0.263220974,0.488539326,0.303370787,0.453236152,-0.915526951,0.0447
1.24391064,1.552260229,271.847791,88.6,54.4293,-2.375,93.03,0.368893467,0.016388069,0.877900935,0.311049532,0.565292691,0.001558711,-0.081766076,-3.414965986,0.015
Overvaluation (FCF),Overvaluation (Earnings),FCF/PRICE,P/E,Market cap,capital invested/free cash flow (3 years,Price,Outcome short,Outcome long,capital allocation gap,%dividends,% capital expenditure,% repurchase,free cash flow trend 3 year,capital invested/free cash flow (1 year),net margins
,,,,,,,,,,,,,,,
1.388773889,1.2603513,357.9318225,8.361464968,110.644871,1.747015749,52.51,,,0.765827093,0.223076923,0.429543907,0.113206263,0.130081052,2.341436155,0.0858
1.203436381,1.079504467,440.567201,8.680428135,126.749811,0.894815115,56.77,0.081127404,,0.761701069,0.192787864,0.432777916,0.13613529,0.35113431,0.438497328,0.0711
1.336894552,1.180519253,386.3593091,9.426923077,159.160097,1.040959384,73.53,0.295226352,0.400304704,0.933273034,0.180734284,0.567898697,0.184640053,0.75346285,3.395799677,0.0816
1.390667302,1.311127741,362.1343619,10.64196123,195.099832,1.754937268,93.33,0.269277846,0.644002114,1.115346118,0.191816471,0.667734316,0.255795332,0.878450796,0.587706253,0.0846
1.076478216,0.887073971,432.9187508,6.338474722,148.252893,1.073333582,73.97,-0.20743598,0.005983952,1.068068305,0.174203564,0.663674406,0.230190335,0.675482912,0.785466583,0.0877
1.119878496,0.91648688,340.4468113,14.69274809,154.574363,0.784127963,76.99,0.040827362,-0.175077681,1.28926857,0.273679864,1.024260569,-0.008671863,0.251429345,-0.046971817,0.0611
1.165491963,1.046181068,317.939726,9.625527426,183.18255,0.96712204,91.25,0.18521886,0.23360822,0.816068125,0.180806277,0.625502328,0.00975952,0.157827246,0.982265351,0.0928
1.165257186,1.137026683,315.7894737,7.916666667,210.796488,0.85728963,106.4,0.166027397,0.381997662,0.87185789,0.149312568,0.644847305,0.077698017,0.163305123,0.801086778,0.106
1.261467806,0.992965895,316.3676715,8.118618619,210.516138,0.949698804,108.14,0.016353383,0.18509589,1.080181387,0.176337215,0.797124601,0.106719571,0.503892839,0.442260166,0.1082
1.414266,1.145557843,264.3343207,11.26330027,239.027776,0.438222462,124.91,0.155076752,0.173966165,1.42714702,0.213530655,1.085223702,0.128392663,0.429945619,-0.111882079,0.0936
1.496159291,0.997288856,284.5961847,11.06311637,210.859137,0.022133493,112.18,-0.101913378,0.037358979,1.516981732,0.251882446,1.124924543,0.140174742,0.146664198,-0.235929437,0.0908
#DIV/0!,1.026129944,283.0924855,36.71836735,169.377588,-0.721400017,89.96,-0.198074523,-0.279801457,1.916375411,0.410773026,1.516447368,-0.010844984,-0.227644907,-1.46728972,0.0331
#DIV/0!,1.576308019,210.4260566,-146.9875,221.9828,-3.355050351,117.59,0.307136505,0.048226065,2.152363368,0.591285081,1.591506647,-0.03042836,-0.438938638,27.2414966,-0.0134
Overvaluation (FCF),Overvaluation (Earnings),FCF/PRICE,P/E,Market cap,capital invested/free cash flow (3 years,Price,Outcome short,Outcome long,capital allocation gap,%dividends,% capital expenditure,% repurchase,free cash flow trend 3 year,capital invested/free cash flow (1 year),net margins
,,,,,,,,,,,,,,,
1.094257737,1.432564609,496.6579634,22.01149425,121.23865,-1.490883357,19.15,,,1.443842495,0,0.091437632,1.352404863,0.042311715,-0.694194851,0.2315
0.937970093,1.213739624,632.7181208,20.08988764,108.533924,-5.084531482,17.88,-0.066318538,,1.147866819,0,0.09773389,1.050132928,0.2398046,1.21393289,0.1959
1.279595567,1.465901994,462.0546524,24.70940171,176.087341,2.431748058,28.91,0.61689038,0.509660574,0.884006334,0,0.123812352,0.760193983,0.349535571,2.509353741,0.21
0.859585013,1.00958414,630.1955434,16.78625954,129.58707,6.01863912,21.99,-0.239363542,0.229865772,0.968566465,0,0.104888742,0.863677724,0.509960359,11.69837838,0.2036
0.815956544,0.944653372,620.3998183,20.96190476,127.32785,16.26765376,22.01,0.000909504,-0.23867174,0.466403961,0,0.101545923,0.364858038,0.42066584,10.70036101,0.1698
0.831090856,0.955260903,833.680104,17.34586466,130.46085,8.506038292,23.07,0.048159927,0.049113233,0.872112455,0,0.099085815,0.773026639,0.257635603,3.57449298,0.194
0.596151261,0.690369704,1096.180338,13.64957265,86.79695,4.873825018,15.97,-0.307758994,-0.274420718,0.847802361,0.065284254,0.11647981,0.666038297,0.001894191,3.000336927,0.1502
0.620835532,0.671453308,1111.661442,10.70469799,84.5031,8.67979243,15.95,-0.001252348,-0.308625921,0.625446001,0.130623967,0.097989731,0.396832304,-0.010813337,33.6525974,0.1746
0.940255072,0.999117683,859.5545135,13.75806452,137.90451,8.657916783,25.59,0.604388715,0.602379461,0.56173414,0.256708547,0.089964324,0.215061269,0.071675114,3.585090131,0.2054
0.928192554,0.927523934,785.136742,16.93288591,128.84961,4.210285714,25.23,-0.014067995,0.581818182,1.171423938,0.304735647,0.103389556,0.763298735,0.217851338,2.402651021,0.1666
1.029971619,1.023186167,823.7860662,16.24,144.5157,35.5375,28.42,0.126436782,0.110590074,0.767766093,0.325525813,0.097753346,0.344486934,0.190120657,-3.109555189,0.1827
1.067237471,1.046933263,815.9515231,14.46919431,153.53537,-15.80653951,30.53,0.07424349,0.21006738,0.722549742,0.350036846,0.084450995,0.288061901,0.115772981,8.627777778,0.2181
1.071882245,1.012088334,769.5392774,14.4354067,151.44613,14.12749316,30.17,-0.01179168,0.061576355,0.729348308,0.368701049,0.085636176,0.275011083,0.080044666,11.07878245,0.2173
Overvaluation (FCF),Overvaluation (Earnings),FCF/PRICE,P/E,Market cap,capital invested/free cash flow (3 years,Price,Outcome short,Outcome long,capital allocation gap,%dividends,% capital expenditure,% repurchase,free cash flow trend 3 year,capital invested/free cash flow (1 year),net margins
,,,,,,,,,,,,,,,
1.237985829,1.268449198,534.7262248,20.82,100.324918,-11.65084746,20.82,,,0.824899464,0.407004021,0.126508043,0.291387399,0.396268786,-2.141741988,0.2229
1.108358757,1.08791254,487.8968254,19.76470588,95.51808,-13.37478261,20.16,-0.031700288,,0.876848825,0.416939125,0.139965748,0.319943951,0.434992362,4.302180685,0.2109
1.144878273,1.181837016,368.4210526,22.34259259,111.86668,3.092656282,24.13,0.196924603,0.158981748,1.130434783,0.488668793,0.236192714,0.405573275,0.282359519,1.243509156,0.2109
1.377114302,1.297470071,430.9221245,23.88326848,142.27884,1.427419355,30.69,0.271860754,0.522321429,0.927972028,0.44041958,0.23048951,0.257062937,0.208091055,0.758582655,0.2073
1.006438135,0.926731344,573.6749117,18.18473896,104.75777,3.847382649,22.64,-0.262300424,-0.06174886,0.867520803,0.46506406,0.259939242,0.142517501,0.1586261,-1.759736181,0.1818
1.162704728,1.079514226,481.4385965,19.45392491,131.271,17298,28.5,0.258833922,-0.071358749,0.893110188,0.464207183,0.243464452,0.185438554,0.248473948,1.944427002,0.2202
1.228796249,1.030120679,562.7242323,13,150.76776,0.931251218,32.89,0.154035088,0.452738516,0.969785984,0.426772975,0.232375157,0.310637851,0.294879672,0.421996655,0.3356
1.19564008,0.993804289,693.9982852,18.91351351,158.36474,1.260380677,34.99,0.063849194,0.227719298,1.238442052,0.45387376,0.308211948,0.476356344,0.315020795,-4.615492958,0.1844
1.142010865,0.956100761,767.4758621,18.40101523,162.00125,-17.06122449,36.25,0.036010289,0.102158711,1.121089713,0.431658055,0.261155472,0.428276186,0.294407823,53.86986301,0.1878
1.211741736,1.092258001,673.2268216,21.74210526,181.84662,70.034375,41.31,0.139586207,0.180623035,1.171599317,0.471352685,0.241889585,0.458357048,0.212424374,45.93103448,0.1832
1.129516442,1.142043461,766.7929891,26.3875,184.33252,-6.286833856,42.22,0.022028565,0.164689655,1.122750824,0.504003768,0.226660386,0.39208667,0.169535157,-2.051224388,0.1543
1.088076126,1.252470115,626.8389199,25.7245509,185.75904,20.29890848,42.96,0.017527238,0.039941903,1.126329787,0.545307751,0.242496201,0.338525836,0.068598024,1.535721163,0.166
1.099828146,1.289283432,665.6766467,25.3030303,180.06606,8.719521605,41.75,-0.028165736,-0.011132165,1.242184855,0.502877779,0.275815371,0.463491705,-0.021427873,-2.467128028,0.1699
Overvaluation (FCF),Overvaluation (Earnings),FCF/PRICE,P/E,Market cap,capital invested/free cash flow (3 years,Price,Outcome short,Outcome long,capital allocation gap,%dividends,% capital expenditure,% repurchase,free cash flow trend 3 year,capital invested/free cash flow (1 year),net margins
,,,,,,,,,,,,,,,
1.209376927,1.208172008,387.3257288,19.8907563,47.510424,2.967996839,23.67,,,1.109393301,0.114780979,0.427734833,0.566877489,0.299812961,1.666439291,0.0807
1.172462978,1.272539723,336.6303989,18.49390244,62.60112,1.581356448,30.33,0.281368821,,1.442060086,0.085671839,0.217728623,1.138659624,0.81797207,0.92739726,0.1
1.162778804,1.160772617,331.2300087,15.28444444,67.480058,3.065833333,34.39,0.133860864,0.452893959,1.683453237,0.117505995,0.288876591,1.277070651,0.601871631,-2.552980132,0.132
0.931445847,0.886116798,377.6800261,13.46052632,55.944801,23.60227273,30.69,-0.107589416,0.011869436,1.229342637,0.121924348,0.289753948,0.817664341,0.432622313,1.897939156,0.117
0.854958293,0.771287963,325.3459578,15.60227273,51.036058,2.304347826,27.46,-0.105246008,-0.201512067,0.477345366,0.121827411,0.329573228,0.025944726,0.081156903,1.246417337,0.0915
0.954933354,0.915642723,332.326284,16.30541872,63.307391,1.570391872,33.1,0.205389658,0.078527208,0.825782913,0.099270295,0.32076619,0.405746427,0.101282703,0.947011446,0.1041
0.905429259,0.814801929,400.795756,11.96825397,55.97696,1.884798685,30.16,-0.088821752,0.098324836,1.330855019,0.108092651,0.508864741,0.713897627,0.116159527,2.512801756,0.1176
1.435333578,1.295751352,245.0841622,16.7028754,94.104,3.76011201,52.28,0.733421751,0.579456193,0.98857645,0.135074065,0.47501883,0.378483555,0.330656123,2.264212236,0.1344
1.537198026,1.390690713,181.4855016,19.07988166,116.082,1.630268418,64.49,0.233550115,1.138262599,0.868281845,0.140076174,0.29581041,0.43239526,0.407599608,0.963520556,0.1362
1.68822152,1.605852129,149.2979894,20.89906103,151.351,1.982474227,89.03,0.380524112,0.702945677,1.160122699,0.154192229,0.338548057,0.667382413,0.439733206,3.550493963,0.1537
1.731209696,1.55769172,159.8238748,20.85714286,172.499292,10.01976685,102.2,0.147927665,0.58474182,1.23045192,0.28077734,0.390961591,0.558712989,0.399433559,44,0.1598
1.29654374,1.214355951,181.369804,16.20593368,149.235306,6.83571202,92.86,-0.091389432,0.043019207,1.10383713,0.17505487,0.361235147,0.567547113,0.388743241,2.811459027,0.1688
1.303655362,1.238795892,156.8448501,18.77272727,170.89108,7.83610926,107.38,0.15636442,0.050684932,0.92878226,0,0.361235147,0.567547113,0.372711229,#DIV/0!,0.1688
Overvaluation (FCF),Overvaluation (Earnings),FCF/PRICE,P/E,Market cap,capital invested/free cash flow (3 years,Price,Outcome short,Outcome long,capital allocation gap,%dividends,% capital expenditure,% repurchase,free cash flow trend 3 year,capital invested/free cash flow (1 year),net margins
,,,,,,,,,,,,,,,
2.084092069,2.051424084,170.3648069,26.32768362,46.336244,5.20516129,46.6,,,0.957288765,0.43454039,0.381306097,0.141442278,-0.505271355,0.577912692,0.0636
2.035725968,1.506730874,184.1961853,19.50241546,37.124656,1.233212341,40.37,-0.133690987,,2.481904013,0.566089693,0.527143981,1.388670338,-0.148299043,-7.85620915,0.0722
1.631110944,1.464343888,171.6014696,13.68934911,42.664179,-2.442385901,46.27,0.14614813,-0.007081545,0.85385439,0.368843683,0.41006424,0.074946467,0.296033801,-1.069902913,0.1086
1.268107403,1.164686858,203.9398281,13.00621118,37.662265,40.74,41.88,-0.094877891,0.037404013,1.093006993,0.328438228,0.369463869,0.395104895,0.279573798,1.2239819,0.1017
0.691287861,0.64029461,404.0782355,10.92272727,21.683711,7.121034078,24.03,-0.426217765,-0.480657013,1.110258869,0.478108022,0.632150847,0,0.334011002,-0.846946284,0.063
0.776674681,0.857201288,293.5292279,16.66145833,28.912882,-4.872326203,31.99,0.331252601,-0.236150907,0.590592702,0.31470154,0.275891162,0,0.278788516,-25.05839416,0.0642
1.042722263,1.291210001,198.1637822,14.44512195,43.462148,5.357894737,47.38,0.48108784,0.971702039,0.714849748,0.329238868,0.330774293,0.054836587,0.176097653,1.953265045,0.1049
0.849621935,1.040436733,257.1855599,11.53580902,40.276959,0.921260583,43.49,-0.082102153,0.35948734,0.785714286,0.297554348,0.357725155,0.130434783,0.295562528,0.364909572,0.1034
0.863808917,0.9801743,317.1542242,14.6838488,39.867945,1.226041667,42.73,-0.017475282,-0.098142676,0.78098577,0.328727573,0.369766962,0.082491235,0.197368421,-2.201729107,0.078
1.381751671,1.200167586,216.5748542,11.91505792,57.213823,-1.806223479,61.72,0.444418441,0.419176822,1.429065744,0.522491349,0.592010066,0.314564328,0.060423204,-0.454449895,0.1651
2.042500669,1.246579934,196.5404328,17.91836735,63.565795,-2.687861272,70.24,0.138042774,0.64380997,1.53987069,0.456896552,0.544181034,0.538793103,-0.187655688,2.796694215,0.1221
2.806696091,1.309345521,155.4504505,30.83333333,58.03191,-0.82811444,66.6,-0.051822323,0.079066753,2.386873921,0.667530225,0.703367876,1.01597582,-0.367651099,-0.136201427,0.0756
3.157081337,1.720194935,123.4250102,29.05905512,64.16614,-2.409492274,73.81,0.108258258,0.05082574,1.438715953,0.434500649,0.355706874,0.648508431,-0.308649469,0.614789604,0.0791
Overvaluation (FCF),Overvaluation (Earnings),FCF/PRICE,P/E,Market cap,capital invested/free cash flow (3 years,Price,Outcome short,Outcome long,capital allocation gap,%dividends,% capital expenditure,% repurchase,free cash flow trend 3 year,capital invested/free cash flow (1 year),net margins
,,,,,,,,,,,,,,,
1.05963899,1.097210018,838.4900507,13.17737789,328.11526,2.512788318,51.26,,,0.71633252,0.175359424,0.295578407,0.245394688,0.484524729,3.369308799,0.085
0.899350238,0.950143632,824.408047,9.837127846,344.49061,9.702508961,56.17,0.095786188,,0.821346961,0.15534505,0.287485978,0.378515933,0.746609235,-88.62790698,0.0975
1.027578276,1.065298293,637.0481535,11.5755287,439.01327,11.77685749,76.63,0.36425138,0.494927819,1.073063345,0.159619365,0.31371992,0.59972406,0.899043424,3.934395719,0.1046
1.050807511,1.098999717,622.3929982,12.90495868,504.23958,6.581914158,93.69,0.222628213,0.667972227,1.054382524,0.146552056,0.295892466,0.611938002,0.654461508,5.004784035,0.1004
0.793365331,0.827784679,615.0569961,9.218244804,406.06727,22.20917652,79.83,-0.147934678,0.041759102,1.056676434,0.134918376,0.323449142,0.598308916,0.373983462,-17.37935484,0.0947
0.811825112,0.732361941,763.469717,17.13316583,322.33413,3.926597255,68.19,-0.145809846,-0.272174191,1.76584148,0.282122512,0.790878402,0.692840565,0.015872441,0.25354935,0.0621
0.98926045,0.832570877,856.5782276,11.75562701,364.06448,0.797772216,73.12,0.072297991,-0.084053614,1.001012125,0.175531366,0.55503687,0.270443889,-0.085995744,0.349412833,0.0795
1.359631679,1.003368599,914.4053799,10.06650831,401.25384,0.735766071,84.76,0.159190372,0.242997507,1.121149155,0.162977685,0.559671154,0.398500316,-0.178973126,2.759596875,0.0844
1.289443206,0.953657783,741.0629694,8.922680412,389.6481,2.419920063,86.55,0.021118452,0.183670678,1.164874488,0.179668862,0.610129963,0.375075663,0.140998109,1.141107811,0.0934
1.891701512,1.102418395,708.7351779,13.73134328,438.702,1.945867307,101.2,0.16926632,0.193959415,1.347953867,0.242129403,0.749632631,0.356191833,0.145362289,1.08479645,0.0743
1.781707253,0.980375117,699.1130341,12.16447368,388.38245,2.246306396,92.45,-0.086462451,0.068168689,1.278991932,0.25640571,0.730383899,0.292202323,0.105933614,1.240718074,0.0789
2.046398963,0.899492374,692.4438743,20.24675325,323.9602,3.156535834,77.95,-0.156841536,-0.229743083,1.404528078,0.398431321,0.872989718,0.133107039,-0.247323796,-3.302485004,0.0601
3.518261861,1.320589822,563.2995495,41.4953271,368.22637,4.139026812,88.8,0.13919179,-0.0394808,1.718661492,0.649008707,0.965698101,0.103954684,-0.395725856,0.125890279,0.0398
Overvaluation (FCF),Overvaluation (Earnings),FCF/PRICE,P/E,Market cap,capital invested/free cash flow (3 years,Price,Outcome short,Outcome long,capital allocation gap,%dividends,% capital expenditure,% repurchase,free cash flow trend 3 year,capital invested/free cash flow (1 year),net margins
,,,,,,,,,,,,,,,
1.162142732,1.190395692,5483.205479,22.25609756,386.89708,0.270278493,36.5,,,0.47189872,0.226838024,0.354478941,-0.109418245,0.178521983,0.134827924,0.1278
0.987792568,1.084124848,5847.931526,22.32484076,365.340871,0.604357322,35.05,-0.039726027,,0.741768592,0.248122894,0.365126953,0.128518745,0.226027884,-0.374376144,0.1224
1.012843073,1.097098287,5860.360118,18.605,382.420938,-0.977888233,37.21,0.061626248,0.019452055,1.105134319,0.331266889,0.501923383,0.271944047,0.162311442,-23.59487952,0.1368
0.968581892,1.022163852,6615.565147,17.08294931,370.240332,0.903634522,37.07,-0.003762429,0.057631954,0.960574304,0.265269378,0.41094594,0.284358986,0.190288714,0.350906866,0.1288
0.4083451,0.470947125,13517.03704,9.418604651,161.278452,1.019090081,16.2,-0.56298894,-0.564633163,0.609767126,0.255030522,0.329065011,0.025671593,0.193563672,-117.8447653,0.0959
0.413296455,0.510896717,13323.33113,14.98019802,161.3324,-2.389253288,15.13,-0.066049383,-0.591853251,0.696113364,0.36802228,0.353606094,-0.02551501,0.101790059,-0.514573552,0.071
0.523779394,0.731634329,10547.12958,17.25471698,194.1553,-1.307847082,18.29,0.208856576,0.129012346,0.438849518,0.132598826,0.271287787,0.034962906,-0.029110503,-0.993996148,0.0779
0.619117632,0.824488105,12204.41094,14.56097561,189.362788,-0.692292436,17.91,-0.020776381,0.183740912,0.637309272,0.193590935,0.37881831,0.064900027,-0.239244916,-0.322411003,0.0966
0.768962826,0.987518522,8642.877561,16.27131783,218.414174,-1.16716484,20.99,0.171970966,0.147621651,0.844913983,0.229453257,0.482557212,0.132903514,-0.133840814,1.609291245,0.093
1.141986852,1.318563359,5965.750981,22.07086614,282.006466,-5.370116205,28.03,0.335397808,0.56504746,0.836653806,0.274324798,0.236899334,0.325429674,-0.146473249,-1.035852021,0.1153
1.024108562,1.138322845,4449.62406,16.84666667,254.149993,0.989319814,25.27,-0.098465929,0.203906622,0.723447255,0.31946299,0.257461475,0.14652279,-0.067625133,0.256616528,0.13
1.284905009,1.408661366,3403.852327,-51.06557377,292.164884,-0.756398248,31.15,0.232686981,0.111309311,0.890000503,0.467296767,0.367452617,0.055251119,-0.245045331,-0.082355867,-0.0522
1.516547808,1.506801545,2623.413706,28.14285714,278.83823,-0.131749806,31.52,0.01187801,0.247328848,7.442323481,1.836001642,1.562192118,4.044129721,-0.436995708,0.035069973,0.0916
Overvaluation (FCF),Overvaluation (Earnings),FCF/PRICE,P/E,Market cap,capital invested/free cash flow (3 years,Price,Outcome short,Outcome long,capital allocation gap,%dividends,% capital expenditure,% repurchase,free cash flow trend 3 year,capital invested/free cash flow (1 year),net margins
,,,,,,,,,,,,,,,
,1.086618365,0,11.74439462,50.38537,-0.357782771,104.76,,,-0.078164775,-0.01488425,-0.024827049,-0.038453475,6.41739559,-0.26822386,0.2173
,1.098354438,0,11.50401427,56.377443,-0.216659791,128.96,0.2310042,,-0.636187868,-0.041166519,-0.114476758,-0.48054459,10.15842997,-0.078859912,0.2229
,1.16916719,0,9.893346877,80.388116,-0.317271904,194.8,0.510545906,0.859488354,-0.181300796,-0.015834681,-0.035176513,-0.130289602,2.900505198,-0.375137941,0.2532
,1.008054373,0,9.164577436,88.543715,-0.322911824,226.64,0.163449692,0.757444169,-0.16178131,-0.012185287,-0.029869349,-0.119726674,1.129768964,-0.24941494,0.2522
,0.366817428,0,17.67114094,31.235806,-2.581862512,78.99,-0.651473703,-0.594507187,2.592925026,0.448785639,1.070221753,1.073917635,0.821466831,0.000565358,0.1045
1,0.728402813,0,7.629462268,86.971172,0.085093814,168.84,1.137485758,-0.255030004,0.076992327,0.04511509,0.031836317,4.09E-05,-0.813446655,-1.328998736,0.2963
0.995972518,0.825602424,0,12.75872534,85.346245,1.515848423,168.16,-0.004027482,1.128877073,-1.27926078,-0.269367183,-0.229046108,-0.780847489,-1.354153181,-0.105529732,0.2133
0.673051541,0.490039724,0,20.05099778,43.901052,0.835345907,90.43,-0.462238344,-0.46440417,0.44455802,0.123150082,0.052619884,0.268788054,-1.579520716,1.79239889,0.1542
1.028561804,0.911830747,0,9.027600849,59.334534,0.978988355,127.56,0.410593829,-0.241436727,0.519217331,0.084323317,0.074617595,0.360276419,-2.722687629,0.777429876,0.2188
0.745606884,1.172929449,0,11.46571798,79.121774,-3.163679809,177.26,0.389620571,0.960190202,1.801232666,0.286594761,0.155403918,1.359233986,-0.120871135,-0.141858917,0.235
1.276482514,1.14183335,0,11.35500879,83.397296,-0.090118845,193.83,0.093478506,0.519520226,-0.997113997,-0.190738554,-0.088941362,-0.717434081,-0.851573032,0.149124225,0.2455
1.431978095,1.063195724,0,14.84596376,75.60288,-0.013250319,180.23,-0.070164577,0.016755049,1.098836374,0.241488292,0.263324235,0.594023847,-0.870732438,0.923464794,0.1799
1.664455057,1.281362319,0,19.11446741,95.61873,0.11199006,240.46,0.334184098,0.240571635,1.236344538,0.200980392,0.31407563,0.721288515,-0.80196879,0.316103701,0.1958
Overvaluation (FCF),Overvaluation (Earnings),FCF/PRICE,P/E,Market cap,capital invested/free cash flow (3 years,Price,Outcome short,Outcome long,capital allocation gap,%dividends,% capital expenditure,% repurchase,free cash flow trend 3 year,capital invested/free cash flow (1 year),net margins
,,,,,,,,,,,,,,,
1.527411003,1.40188197,255.1866214,18.25663717,90.1531,1.197842835,41.26,,,1.172044632,0.108413752,0.595295537,0.468335344,0.604551539,0.641798183,0.0684
1.403305241,1.180322607,313.3415536,14.90808824,86.1282,0.954745514,40.55,-0.01720795,,1.174924471,0.129456193,0.586253776,0.459214502,0.459848094,0.585381492,0.0758
1.304117603,1.058991649,317.4030437,14.60215054,80.2578,0.76297481,40.74,0.004685573,-0.012603005,1.517101828,0.182114883,0.462402089,0.872584856,0.208087811,0.526194735,0.0729
0.963459608,0.787774412,414.6866841,12.92827004,51.7816,33.55390335,30.64,-0.247913598,-0.244389642,2.808101973,0.298411035,0.621267679,1.888423258,0.112798265,-0.287018658,0.0568
0.715417314,0.620025287,518.0213655,16.06716418,36.29958,-1.079722704,21.53,-0.29732376,-0.471526755,0.621924747,0.275144718,0.334117221,0.012662808,-0.044552205,-2.19761194,0.0317
0.912187037,0.911009558,369.9750089,17.84076433,47.56098,-4.839941973,28.01,0.300975383,-0.085835509,0.527609756,0.297560976,0.188487805,0.041560976,-0.216717674,-10.5826972,0.0402
1.051423174,1.260456354,275.2787599,18.29353234,59.67771,-404.6071429,36.77,0.312745448,0.707849512,1.150054526,0.342202835,0.239040349,0.568811341,-0.238366572,9.55890411,0.0491
1.13073703,1.37165456,211.218743,17.97165992,68.22743,210.9354839,44.39,0.207234158,0.584791146,0.950684108,0.245376635,0.183581416,0.521726056,-0.135025112,-17.92079208,0.0552
1.521120526,1.715965581,171.2791393,22.30666667,101.11612,-6.258369099,66.92,0.507546745,0.819961925,1.009175627,0.249892473,0.188100358,0.571182796,0.111782662,-2.793783917,0.0607
1.425720137,1.58323935,139.8698764,20.43882979,110.2029,-13.18022814,76.85,0.148386133,0.731245776,1.596486628,0.294048243,0.182092292,1.120346093,0.394802468,8.762640449,0.0683
1.614274079,1.691145479,107.9199387,22.16985138,140.54932,-107.4827586,104.42,0.358750813,0.560370592,1.331230284,0.306964329,0.174957535,0.84930842,0.396308294,-7.674943567,0.0763
1.571963766,1.602363794,99.58651399,23.03296703,157.45152,-34.44645799,125.76,0.20436698,0.636434613,1.230555852,0.323375653,0.160354209,0.74682599,0.386140245,28.2078853,0.0792
1.466772026,1.391086049,107.5976737,21.70226537,163.37972,-48.79449153,134.12,0.066475827,0.28442827,1.145275035,0.333568406,0.157666734,0.654039895,0.295803143,-11.13315579,0.0823
Overvaluation (FCF),Overvaluation (Earnings),FCF/PRICE,P/E,Market cap,capital invested/free cash flow (3 years,Price,Outcome short,Outcome long,capital allocation gap,%dividends,% capital expenditure,% repurchase,free cash flow trend 3 year,capital invested/free cash flow (1 year),net margins
,,,,,,,,,,,,,,,
1.164353754,1.413544376,403.5909921,22.50684932,162.222262,6.035409556,98.58,,,0.755163203,0.076487068,0.329402567,0.349273568,0.307369934,7.05,0.0777
0.887546614,1.059356477,427.6399027,16.8788501,128.832882,-13.23495828,82.2,-0.166159464,,0.830763041,0.083813866,0.310714765,0.436234411,0.208100747,-2.750869682,0.0871
1.042178927,1.078394814,412.6711271,15.90016367,146.26224,-3.728676471,97.15,0.181873479,-0.014505985,0.99427392,0.11205806,0.343964312,0.538251548,0.069333585,-2.227673525,0.1038
1.086605856,1.009658296,409.8982424,15.11888112,149.646073,10.02349103,108.1,0.112712301,0.315085158,1.645333665,0.133403753,0.342052939,1.169876973,0.053876448,1.414129274,0.1055
0.77654104,0.701148665,504.2181559,9.466816648,112.698656,20.27551622,84.16,-0.22146161,-0.133710757,0.95949394,0.13741229,0.259780991,0.562300659,0.114397321,-2.403763162,0.119
1.028659261,0.957080626,275.0343774,13.07692308,170.869006,-44.35952637,130.9,0.555370722,0.210915819,0.691570789,0.137678718,0.196264382,0.35762769,0.229605583,3.432565789,0.1402
1.028979775,0.958783081,276.3832107,12.73958333,180.219812,6.435595862,146.76,0.121161192,0.743821293,1.192183743,0.162514707,0.243183795,0.786485242,0.284767636,6.746466028,0.1485
1.161283958,1.061804562,229.078747,14.07963247,213.885538,13.9646918,183.88,0.252929954,0.40473644,1.168295878,0.174997481,0.235160738,0.75813766,0.205167752,13.21061793,0.1483
1.151050241,0.991563671,227.7473245,13.32985386,214.032224,13.92639752,191.55,0.041711986,0.30519215,1.045900133,0.192637598,0.240835291,0.612427244,0.059304226,7.17962337,0.1614
1.110874934,0.959740117,214.0747454,12.55488621,197.771932,3.439793896,187.57,-0.020777865,0.020067435,1.26148127,0.232084644,0.236774378,0.792622248,-0.037491122,1.26564871,0.1676
0.974217144,0.873651145,246.7028173,13.48235294,158.919029,8.60126183,160.44,-0.144639335,-0.162411903,1.311773773,0.252845625,0.247984349,0.810943799,-0.103526792,-2.191224737,0.1296
0.838450814,0.785372513,249.0117715,10.25484352,132.903763,-5.578396213,137.62,-0.142233857,-0.266300581,0.802975071,0.28792333,0.244061618,0.270990122,-0.129194147,-10.87732657,0.1614
1.003456697,1.019861365,204.1908714,13.77142857,160.40916,20.23925139,168.7,0.225839268,0.051483421,0.683100108,0.279224973,0.221151776,0.182723358,-0.078377286,4.580880025,0.1475
Overvaluation (FCF),Overvaluation (Earnings),FCF/PRICE,P/E,Market cap,capital invested/free cash flow (3 years,Price,Outcome short,Outcome long,capital allocation gap,%dividends,% capital expenditure,% repurchase,free cash flow trend 3 year,capital invested/free cash flow (1 year),net margins
,,,,,,,,,,,,,,,
1.157233154,1.400875712,342.2830269,20.1637931,146.25767,-10.38083775,23.39,,,0.943745712,0.077902279,0.292933913,0.572909521,0.000385185,-8.172687225,0.2197
1.085384227,1.338495702,369.9519231,17.82857143,147.73824,11.83876812,24.96,0.067122702,,1.242191189,0.132092019,0.392498145,0.717601025,0.283363148,2.693688304,0.2231
0.826077089,0.983660753,420.4444444,23.54651163,116.78175,3.357339916,20.25,-0.188701923,-0.134245404,1.195103578,0.218455744,0.544161959,0.432485876,0.310162063,1.365970655,0.1426
1.071762161,1.146410018,321.4928732,22.59322034,154.30808,2.692288401,26.66,0.31654321,0.068108974,0.824237624,0.207366337,0.396039604,0.220831683,0.127506442,1.720830512,0.182
0.675022481,0.703578822,533.2878581,15.93478261,81.53892,4.415190488,14.66,-0.450112528,-0.276049383,1.417902252,0.28372689,0.475654402,0.658520959,-0.133968624,-18.48064516,0.1408
0.921518414,1.030398915,372.1078431,26.49350649,112.6692,-7.413486476,20.4,0.39154161,-0.234808702,0.840196956,0.2782453,0.404207699,0.157743957,-0.09960583,-2.785684387,0.1244
0.875236611,0.960019153,443.5092725,10.46268657,115.89633,-11.94047024,21.03,0.030882353,0.434515689,0.625808771,0.209861011,0.311945842,0.104001917,0.018913523,29.44871795,0.2628
0.878635694,0.891842023,496,10.14644351,121.25,2.231491713,24.25,0.153114598,0.18872549,1.397557601,0.196870677,0.516624529,0.684062396,0.428843171,0.825162866,0.2397
0.772887648,0.675554674,625.5092144,9.680751174,101.94528,1.061402859,20.62,-0.149690722,-0.019495958,1.128044906,0.230353739,0.627091718,0.270599449,0.628380519,0.478331748,0.2063
0.935503036,0.820531258,522.6502311,13.73544974,128.94332,1.882760053,25.96,0.258971872,0.070515464,0.850308048,0.215585291,0.517279553,0.117443204,0.562931835,-36.73626374,0.1825
1.217519689,1.099218797,441.1959217,15.70995671,172.30492,9.545995103,36.29,0.397919877,0.759941804,1.260162602,0.215936918,0.499412283,0.5448134,0.23047619,3.263409962,0.2095
1.059172779,1.03494365,454.1654572,14.78540773,162.77625,17.70784641,34.45,-0.050702673,0.327041602,0.81216806,0.239575117,0.391544408,0.181048536,0.06494632,-8.66741573,0.2063
1.139752713,1.14030652,552.7647868,17.14622642,172.26265,2.582587859,36.35,0.055152395,0.001653348,0.858737228,0.252816348,0.447629028,0.158291852,-0.034689804,0.760880549,0.179
Overvaluation (FCF),Overvaluation (Earnings),FCF/PRICE,P/E,Market cap,capital invested/free cash flow (3 years,Price,Outcome short,Outcome long,capital allocation gap,%dividends,% capital expenditure,% repurchase,free cash flow trend 3 year,capital invested/free cash flow (1 year),net margins
,,,,,,,,,,,,,,,
1.273998426,1.203496237,219.5994954,23.1459854,188.422088,4.729380386,63.42,,,0.638741095,0.293173415,0.220759311,0.124808369,0.376861714,7.117792422,0.1728
1.085199174,1.027184429,210.2329451,17.94029851,178.766248,5.376120025,60.1,-0.052349417,,0.718959234,0.321467921,0.251970506,0.145520807,0.39844631,2.461924686,0.1992
1.100175049,1.019235468,290.2302333,17.6997319,191.011045,1.392790195,66.02,0.098502496,0.040996531,0.963433464,0.299480629,0.192167322,0.471785514,0.343803148,0.668408827,0.2073
1.012049636,0.960101443,297.4062969,18.37465565,188.93442,1.49306803,66.7,0.010299909,0.109816972,0.879976035,0.31087738,0.195846092,0.373252563,0.375385131,2.689824093,0.1731
0.858245146,0.804504055,348.520809,13.09190372,166.002523,9.009137056,59.83,-0.102998501,-0.093759467,0.9845712,0.335559711,0.20478226,0.444229228,0.321327241,-21.60798548,0.2031
0.869627472,0.832481512,337.3854991,14.63863636,177.713631,22.15313225,64.41,0.076550226,-0.034332834,0.592722226,0.32146521,0.142719208,0.128537807,0.253904567,6.244395604,0.1982
0.799297931,0.766378162,373.0315279,12.93933054,169.945864,43.27184466,61.85,-0.039745381,0.033762327,0.670430272,0.354226427,0.145498932,0.170704913,0.167011615,-10.38649852,0.2165
0.850280605,0.848688791,347.8347057,18.79083095,179.180955,7.850178359,65.58,0.060307195,0.018164881,0.809483844,0.430549727,0.202335991,0.176598126,0.068080105,1.783703472,0.1487
0.929580318,0.957155005,346.1055635,18.16062176,194.772149,1.589889999,70.1,0.068923452,0.133387227,1.459275136,0.429592102,0.190568979,0.839114056,-0.010437024,0.715220386,0.1614
1.211985373,1.267259554,280.325363,19.04158004,258.341502,1.95975039,91.59,0.306562054,0.396614822,0.828011944,0.418398989,0.206443092,0.203169863,-0.017108997,7.651716501,0.194
1.34364657,1.328958926,239.3707564,18.34561404,291.041315,-10.9201703,104.57,0.141718528,0.491726106,1.007308754,0.420551134,0.201071951,0.385685669,0.085220299,-2.652228613,0.2196
1.270119197,1.215268531,270.1226636,18.74452555,284.220077,-4.222179951,102.72,-0.017691499,0.121519817,0.877950101,0.423932777,0.179625499,0.274391825,0.197161397,-3.195151515,0.2199
1.362441102,1.265672159,198.7848708,20.68318584,316.71179,9.844001791,116.86,0.137655763,0.117528928,1.234372228,0.504051097,0.20693122,0.523389911,0.160291246,1.423869187,0.2204
Overvaluation (FCF),Overvaluation (Earnings),FCF/PRICE,P/E,Market cap,capital invested/free cash flow (3 years,Price,Outcome short,Outcome long,capital allocation gap,%dividends,% capital expenditure,% repurchase,free cash flow trend 3 year,capital invested/free cash flow (1 year),net margins
,,,,,,,,,,,,,,,
#DIV/0!,1.405000386,0,25.16774194,138.726972,0,39.01,,,-0.296230277,-0.259259259,0,-0.036971017,0.534691926,0,0.1054
#DIV/0!,1.290583841,0,16.67647059,138.386726,0,39.69,0.017431428,,-0.258235216,-0.161330864,0,-0.096904352,-0.265644011,0,0.1578
#DIV/0!,1.336047705,0,11.95544554,167.199144,0,48.3,0.216931217,0.238144066,-0.143710039,-0.097742996,0,-0.045967042,5.96202346,0,0.2351
#DIV/0!,0.946539032,0,9.965753425,146.986137,0,43.65,-0.096273292,0.099773243,-0.119654486,-0.045685601,0,-0.073968886,6.413356698,0,0.2153
#DIV/0!,0.718528013,0,23.35555556,117.695184,0,31.53,-0.27766323,-0.347204969,0.255909603,0.255909603,0,0,3.451984926,0,0.0833
#DIV/0!,0.979092271,0,18.4380531,164.261473,0,41.67,0.321598478,-0.045360825,0.231455166,0.02786713,0,0.203588036,-1.372096207,0,0.1168
#DIV/0!,1.027576284,0,10.71212121,165.874502,0,42.42,0.01799856,0.345385347,-1.195362473,-0.396055437,0,-0.799307036,-1.746647406,0,0.1691
#DIV/0!,0.70783963,0,7.421875,125.441943,0,33.25,-0.216171617,-0.202063835,0.132990035,0.040601676,0,0.092388358,-2.568705716,0,0.1952
#DIV/0!,0.852544215,0,8.455769231,167.259682,0,43.97,0.322406015,0.036539368,0.273017265,0.207105546,0,0.065911719,2.318494411,0,0.2194
#DIV/0!,1.007182456,0,13.47465438,219.657313,0,58.48,0.329997726,0.758796992,0.100460386,0.056098487,0,0.044361898,0.610800391,0,0.1837
#DIV/0!,0.986727899,0,11.82986767,232.471558,0,62.58,0.070109439,0.42324312,0.321099664,0.19102014,0,0.130079523,-0.210962103,0,0.2286
#DIV/0!,1.015603977,0,11.005,241.898924,0,66.03,0.055129434,0.129103967,0.183608744,0.107165219,0,0.076443525,0.859234686,0,0.2613
#DIV/0!,1.203841261,0,14.79137931,306.97928,0,85.79,0.299257913,0.370885267,-6.449764521,-3.290423862,0,-3.159340659,-0.530445834,0,0.2463
Overvaluation (FCF),Overvaluation (Earnings),FCF/PRICE,P/E,Market cap,capital invested/free cash flow (3 years,Price,Outcome short,Outcome long,capital allocation gap,%dividends,% capital expenditure,% repurchase,free cash flow trend 3 year,capital invested/free cash flow (1 year),net margins
,,,,,,,,,,,,,,,
1.841997561,1.216012922,109.8097318,17.91061453,40.712994,2.563568687,32.06,,,0.700712163,0.178040783,0.363587458,0.159083923,0.191011635,7.296035242,0.1225
1.360924881,1.080658733,121.8179122,16.52941176,42.595104,-6.965683262,33.72,0.051777916,,0.841818853,0.19415237,0.370503597,0.277162885,0.381673249,-2.073365231,0.1361
1.372035976,1.151105938,66.58244981,15.66431095,53.360021,8.159878864,44.33,0.314650059,0.3827199,1.363077277,0.280202695,0.401220776,0.681653806,0.422133556,1.143033021,0.1696
1.445434783,1.4058998,76.3622475,29.75252525,67.843112,6.39561716,58.91,0.32889691,0.747034401,1.569878802,0.362077805,0.399196112,0.808604885,0.347040994,-2.980669448,0.1051
1.287473422,1.203739967,40.80881171,16.53989362,69.313243,-269.0982659,62.19,0.055678153,0.402887435,1.331440546,0.308152505,0.360930846,0.662357196,0.315034929,3.987662132,0.1834
1.136997608,1.05944178,47.86515054,15.19221411,67.229148,4.156982953,62.44,0.004019939,0.059921915,1.214571379,0.388715006,0.33943662,0.486419753,0.314944484,2.404367089,0.2001
1.217383694,1.115389068,38.10187598,16.75982533,80.874336,4.204508972,76.76,0.229340167,0.234282039,1.141998865,0.379730667,0.33674467,0.425523527,0.328685465,3.43832257,0.2055
1.390135202,1.304673692,34.97657729,19.03795066,102.477062,7.288420929,100.33,0.307060969,0.60682255,1.21712983,0.364987902,0.38178487,0.470357058,0.27140403,9.18026999,0.2038
1.135363598,1.055263517,38.57952613,16.45708955,88.448167,4.203800523,88.21,-0.120801356,0.149166232,1.228937282,0.415813726,0.437719815,0.375403741,0.236531778,1.565319906,0.1982
1.182579132,1.113261777,32.67030815,17.48288288,96.098512,3.596538177,97.03,0.099988663,-0.032891458,1.083755811,0.437400817,0.396688528,0.249666465,0.179185777,4.252202316,0.1987
1.089790127,1.063557652,29.32657417,19.43983402,90.22373,-50.3044363,93.7,-0.034319283,0.062237842,1.336953776,0.477853885,0.383846188,0.475253703,0.08181804,-3.301671975,0.1734
1.233132094,1.291445278,24.97375995,24.6125,107.129352,-3.925152021,118.14,0.260832444,0.217561579,1.704118304,0.493997645,0.277392913,0.932727745,-0.003309251,-2.251381742,0.1782
1.161833073,1.267163554,37.32138391,22.67485822,99.61171,-3.752521801,119.95,0.015320806,0.280149413,2.432616373,0.469752778,0.264092886,1.698770709,-0.064519775,-3.113576605,0.1874
Overvaluation (FCF),Overvaluation (Earnings),FCF/PRICE,P/E,Market cap,capital invested/free cash flow (3 years,Price,Outcome short,Outcome long,capital allocation gap,%dividends,% capital expenditure,% repurchase,free cash flow trend 3 year,capital invested/free cash flow (1 year),net margins
,,,,,,,,,,,,,,,
0.617137206,0.62799762,365.4044804,12.26717557,70.98569,-3.424505868,32.14,,,0.853655487,0.37625439,0.19616779,0.281233308,0.261081254,-2.277132095,0.2538
0.64090225,0.695573321,416.296762,15.14761905,69.406875,-1.951016169,31.81,-0.010267579,,0.758073208,0.44027075,0.184359598,0.13344286,0.037671382,-0.798379004,0.2104
0.97758511,1.096323076,291.8050459,21.47783251,94.515644,-31.52604597,43.6,0.370638164,0.356565028,0.784174895,0.491131083,0.144888547,0.148155265,-0.157089126,0.807025376,0.1959
1.280771549,1.569478902,210.9482017,-55.875,126.243975,1.511361057,58.11,0.332798165,0.82678403,0.821236713,0.472525431,0.144445079,0.204266202,-0.235240024,1.266646924,0.1354
0.731211768,0.731148902,471.0098684,8.374655647,64.073776,4.004980618,30.4,-0.476854242,-0.302752294,1.129640901,0.517498478,0.197504565,0.414637858,-0.225869813,-11.19507536,0.3274
1.099450109,0.658932954,428.0514505,6.467256637,113.240018,0.222830631,36.54,0.201973684,-0.371192566,1.456367925,1.025648585,0.43071934,0,-0.267969343,0.032356766,0.4703
1.085805721,0.833494252,433.9900111,128.7142857,111.079244,0.323432591,36.04,-0.013683634,0.185526316,0.750693033,0.448438366,0.155054519,0.147200148,-0.027460008,-1.001533406,0.0187
1.11042174,0.950675577,430.9018568,18.66336634,114.639668,-1.651846785,37.7,0.046059933,0.031746032,0.682790923,0.388516515,0.139142373,0.155132036,0.307851931,-2.646474677,0.1305
1.103530322,1.479007354,448.1680508,20.47,123.910642,-4.426937738,40.94,0.085941645,0.135960044,0.975952904,0.522450609,0.194971064,0.258531231,0.958769572,-3.557319224,0.1305
1.25187224,1.676136278,357.002997,34.04761905,146.522877,-7.96519337,50.05,0.222520762,0.327586207,1.144757165,0.452805904,0.13282993,0.559121332,0.638554796,-7.474852071,0.1
1.442431004,1.722388545,323.9478781,13.95331695,161.177971,-3.123946259,56.79,0.134665335,0.38715193,1.942366412,0.667557252,0.294783715,0.980025445,0.110501184,-0.888301282,0.2822
1.178828939,1.545805291,363.517607,33.85897436,146.899287,-21.56763285,52.82,-0.069906674,0.055344655,0.852266323,0.41196361,0.103292811,0.337009903,-0.03888404,2.228491397,0.1125
1.334844263,1.880012439,258.3028894,30.88205128,166.03484,4.591663723,60.22,0.140098448,0.060397957,0.944633496,0.470523315,0.143106778,0.331003403,-0.085293168,14.03162651,0.1376
Overvaluation (FCF),Overvaluation (Earnings),FCF/PRICE,P/E,Market cap,capital invested/free cash flow (3 years,Price,Outcome short,Outcome long,capital allocation gap,%dividends,% capital expenditure,% repurchase,free cash flow trend 3 year,capital invested/free cash flow (1 year),net margins
,,,,,,,,,,,,,,,
0.929996366,1.413006757,679.4283414,22.17857143,266.0364,-17.52516845,24.84,,,2.708882867,2.174766637,0.048900933,0.485215297,0.194908148,-6.027862595,0.308
0.891382467,1.207954252,963.1759657,19.41666667,234.4446,-7.248580767,23.3,-0.061996779,,1.689114135,0.246112191,0.109552902,1.333449042,0.043610501,-4.016911995,0.2845
1.067490575,1.25307185,806.0400407,20.75352113,276.29569,-243.9281768,29.47,0.264806867,0.186392915,1.890537199,0.213812093,0.1272196,1.549505507,0.08619692,5.156706507,0.2751
0.944489331,1.038365181,1086.368593,14.71122995,251.74401,7.484882419,27.51,-0.066508314,0.180686695,0.912918749,0.185776421,0.147233019,0.57990931,0.144254487,5.690027786,0.2926
0.775437917,0.843805673,1137.315944,14.67283951,211.74316,14.66627463,23.77,-0.135950563,-0.193417034,0.889846089,0.234700846,0.16383884,0.491306403,0.280705599,98.25925926,0.2493
0.691380551,0.770150243,1136.33203,10.95714286,199.45068,14.35138571,23.01,-0.031973075,-0.163576881,0.740414572,0.190171562,0.082125203,0.468117808,0.326134617,5.859453726,0.3002
0.702837505,0.79655202,1106.692308,9.665427509,217.776,8.083215069,26,0.129943503,0.093815734,0.707194191,0.191894495,0.087241609,0.428058087,0.302757749,6.190703518,0.331
0.746924788,0.889738498,1068.584505,15.295,256.37479,32.1589852,30.59,0.176538462,0.32942199,0.433788655,0.201890849,0.072883071,0.159014735,0.41488579,-18.15541796,0.2303
0.830555984,0.956398647,1082.981187,13.39147287,287.7324,94.16786571,34.55,0.12945407,0.328846154,0.592099331,0.258557902,0.147643325,0.185898103,0.35120979,10.03511637,0.2808
1.004393126,1.10664373,1094.1247,15.85551331,343.5663,5.217901593,41.7,0.206946454,0.363190585,0.667035875,0.273183189,0.168758846,0.22509384,0.326044163,2.068999847,0.2542
1.096410975,1.309269461,1124.507361,29.83108108,354.39205,245.3322476,44.15,0.058752998,0.277858177,1.020257517,0.333086153,0.200350546,0.486820817,0.100492182,-1.860559956,0.1303
1.271545752,1.560420614,1159.996091,24.36666667,399.53536,-3.795068411,51.17,0.159003398,0.227098321,1.059804951,0.330262566,0.250352588,0.479189797,0.091957966,-3.468758678,0.1969
1.542364151,2.07184379,943.9807384,29.80861244,484.40435,-6.558478771,62.3,0.21751026,0.411098528,1.002140197,0.314942465,0.254322086,0.432875646,0.064650768,-6.217381228,0.194
Overvaluation (FCF),Overvaluation (Earnings),FCF/PRICE,P/E,Market cap,capital invested/free cash flow (3 years,Price,Outcome short,Outcome long,capital allocation gap,%dividends,% capital expenditure,% repurchase,free cash flow trend 3 year,capital invested/free cash flow (1 year),net margins
,,,,,,,,,,,,,,,
1.267768849,1.328518566,194.4747082,18.35714286,21.472864,4.175049801,10.28,,,0.668491755,0.150697141,0.163684981,0.354109633,0.645080589,4.101155167,0.0882
1.043676599,1.051099185,261.2848606,15.21212121,20.56192,13.44504934,10.04,-0.023346304,,0.830805204,0.174410936,0.200071947,0.456322321,0.787912955,-50.53787879,0.0931
1.295626478,1.269604278,182.1000705,19.35879945,28.499622,14.6488178,14.19,0.413346614,0.380350195,0.874221536,0.182945654,0.166870708,0.524405174,0.45266415,4.984713376,0.0914
1.354692284,1.245438563,194.3534231,18.27807487,33.571596,3.12919104,17.09,0.204369274,0.702191235,1.089758818,0.21324175,0.231988845,0.644528224,0.366897686,1.367071153,0.1011
1.090453385,0.972791542,229.8036466,18.81266491,27.69292,3.438105063,14.26,-0.165593915,0.004933051,0.905247394,0.26882092,0.26248488,0.373941593,0.166908411,7.426914153,0.0775
1.127748821,1.13148531,185.8563536,18.75647668,35.0416,-12.83306581,18.1,0.269284712,0.059098888,0.499683944,0.159608091,0.105878635,0.234197219,0.335938874,-4.649137223,0.1003
1.309122421,1.214174395,187.4940786,19.19090909,39.51792,-354.1548387,21.11,0.166298343,0.480364656,1.570640177,0.306291391,0.238410596,1.02593819,0.22418793,2.327150084,0.106
1.695678272,1.378704223,143.5120148,23.0212766,49.5556,2.853416797,27.05,0.281383231,0.494475138,1.64254386,0.339364035,0.308662281,0.994517544,0.224982436,0.952416918,0.0948
1.806297249,1.399931004,128.5111904,22.83703704,55.12404,4.547491039,30.83,0.13974122,0.460445287,0.981200528,0.231860158,0.197229551,0.552110818,-0.024632848,-11.70192308,0.0977
1.920125445,1.562753568,130.7072283,25.81208054,66.9204,9.729549249,38.46,0.247486215,0.42181146,1.429472287,0.265184202,0.292067707,0.872220378,0.172360364,2.643122677,0.0969
1.897501183,1.775730301,124.5476003,27.48108108,87.13976,4.80789321,50.84,0.321892876,0.64904314,0.939316239,0.192094017,0.205769231,0.541452991,0.577205882,4.057860262,0.107
1.962521934,1.610189022,97.03006157,25.56481481,92.88004,3.619202226,55.22,0.086152636,0.435777431,1.745155039,0.330103359,0.369186047,1.045865633,0.618026395,1.575,0.1161
1.655228397,1.313957539,99.07091392,23.23348018,87.835,2.645823612,52.74,-0.044911264,0.037372148,1.429645219,0.315995189,0,1.11365003,0.410852713,0,0.116
Overvaluation (FCF),Overvaluation (Earnings),FCF/PRICE,P/E,Market cap,capital invested/free cash flow (3 years,Price,Outcome short,Outcome long,capital allocation gap,%dividends,% capital expenditure,% repurchase,free cash flow trend 3 year,capital invested/free cash flow (1 year),net margins
,,,,,,,,,,,,,,,
1.070787616,1.243609589,983.9345482,18.04697987,200.94897,0.50851538,26.89,,,0.877723378,0.311015912,0.159179927,0.40752754,0.835236542,-3.281347027,0.2319
0.903496022,1.056475089,1218.353345,21.39449541,171.65852,-2.432039501,23.32,-0.132763109,,0.777709903,0.37704473,0.142944411,0.257720763,0.675015654,-1.214718615,0.1706
0.931515062,0.93315849,853.2432432,9.736842105,184.5116,-3.798508142,25.9,0.110634648,-0.03681666,0.915141526,0.393259066,0.125213141,0.396669319,0.56566079,-25.73745819,0.3998
0.835394814,0.843503361,960.624725,19.42735043,153.67753,24.21894219,22.73,-0.122393822,-0.025300172,1.494795177,0.597244065,0.14910507,0.748446042,0.194248366,5.10881295,0.1682
0.627160977,0.638488815,1525.070582,14.75833333,119.417467,-8.12805107,17.71,-0.220853498,-0.316216216,0.588990021,0.468307929,0.093266806,0.027415287,0.149182243,-2.190331126,0.1678
0.667336763,0.809160311,2046.454096,14.78861789,146.7933,0.529126985,18.19,0.027103331,-0.199736032,0.407126063,0.334478809,0.072647254,0,-0.010047876,0.172160229,0.1727
0.674282937,0.800019301,1633.866362,17.16666667,140.29012,0.536769892,17.51,-0.037383178,-0.011293055,0.75091671,0.531517374,0.132093592,0.087305745,0.01311296,-0.87493399,0.1267
0.861911905,1.080646328,1335.90573,17.03937008,163.923,-2.552354797,21.64,0.23586522,0.189664651,0.845652174,0.308003953,0.09298419,0.444664032,-0.018379587,-3.191585535,0.164
1.089185179,1.134119779,1163.716108,12.92783505,182.48208,-3.076586742,25.08,0.15896488,0.432324386,0.9662606,0.39018273,0.084736654,0.491341216,0.005438167,-1.818580921,0.2666
1.207735004,1.035036215,762.8468821,9.601880878,196.00137,-3.058967758,30.63,0.221291866,0.415434381,1.376102692,0.372087763,0.082843248,0.921171681,0.181313339,-2.056682729,0.4265
1.230500302,1.004104836,693.0016051,21.93661972,195.96465,-3.263165227,31.15,0.01697682,0.242025518,0.781377717,0.391458864,0.093762957,0.296155896,0.062799031,-2.364760433,0.1842
1.20233406,1.146556049,910.7496902,29.08108108,199.329,-27.23853211,32.28,0.036276083,0.053868756,1.005788313,0.478224917,0.1030871,0.424476295,0.013191577,2.692037229,0.1425
1.253022781,1.504076656,1033.571216,33.63,204.07878,2.112585506,33.63,0.041821561,0.079614767,0.974472732,0.4931404,0.129137943,0.352194389,-0.157746479,0.87342552,0.1161
Overvaluation (FCF),Overvaluation (Earnings),FCF/PRICE,P/E,Market cap,capital invested/free cash flow (3 years,Price,Outcome short,Outcome long,capital allocation gap,%dividends,% capital expenditure,% repurchase,free cash flow trend 3 year,capital invested/free cash flow (1 year),net margins
,,,,,,,,,,,,,,,
1.046941913,1.155982426,474.6729858,20.84980237,130.447058,6.538365952,52.75,,,1.145062795,0.314667588,0.251296232,0.579098975,0.467208166,-9.935779817,0.122
1.031894435,1.073231465,359.442446,21.06060606,176.74128,0.285730586,55.6,0.054028436,,2.03956044,0.325538462,0.234461538,1.47956044,0.32199047,0.10949465,0.1273
1.068880169,1.071551102,501.9937898,20.12828947,190.958693,0.35014853,61.19,0.100539568,0.16,0.947673986,0.313286193,0.219203573,0.41518422,0.298174206,-1.707634706,0.1352
0.977213412,0.967365551,509.093899,16.70604396,184.516391,16.96243876,60.81,-0.006210165,0.093705036,1.182569296,0.31016791,0.202958422,0.669442964,0.489414229,1.498997494,0.1477
0.793855809,0.747826158,604.7162427,11.99530516,149.0587,-13.17876448,51.1,-0.159677685,-0.164896225,0.982103358,0.338092365,0.217038676,0.426972317,0.474446598,-1.105108798,0.1752
0.892205258,0.859281153,404.834945,14.59367397,170.55313,-4.207577497,59.98,0.173776908,-0.013649071,0.903994525,0.339596814,0.190828771,0.37356894,0.373555496,6.991935484,0.1613
0.934378232,0.882062396,429.3377379,16.17557252,175.815549,3.796762196,63.57,0.059853284,0.244031311,1.208702176,0.432633158,0.248012003,0.528057014,0.113089557,1.376544905,0.1455
0.928971961,0.864996739,406.644898,16.73497268,168.315,17.11587302,61.25,-0.036495202,0.021173725,1.063459801,0.462134899,0.298404095,0.302920807,-0.015589687,-1.728486647,0.1312
1.170568779,1.082195441,390.1415768,19.94559585,211.129677,-6.024930195,76.99,0.256979592,0.211105868,1.110266927,0.438311033,0.269481611,0.402474282,-0.098089089,28.74338624,0.1412
1.1818908,1.139770822,429.1385672,19.59850374,213.041772,-9.942566459,78.59,0.02078192,0.283102041,1.201031666,0.495128242,0.275684195,0.430219229,-0.049773245,-2.951824818,0.1565
1.166918472,1.279446383,380.7515337,32.06557377,212.38248,-2.098372537,78.24,-0.004453493,0.016235875,1.069756298,0.498836254,0.255750274,0.31516977,0.017640444,-0.925119129,0.0995
1.20788793,1.388970248,363.4108893,22.94579946,225.89956,-1.966203374,84.67,0.082183027,0.077363532,1.067962423,0.481762229,0.214706835,0.371493359,0.060597296,-2.384146341,0.1609
1.149447536,1.390610665,380.3827189,22.77540107,227.94105,-6.228349304,85.18,0.006023385,0.088701431,1.14743332,0.497386409,0.232274494,0.417772417,0.067671851,-25.62863535,0.1627
Overvaluation (FCF),Overvaluation (Earnings),FCF/PRICE,P/E,Market cap,capital invested/free cash flow (3 years,Price,Outcome short,Outcome long,capital allocation gap,%dividends,% capital expenditure,% repurchase,free cash flow trend 3 year,capital invested/free cash flow (1 year),net margins
,,,,,,,,,,,,,,,
0.654613008,0.981857667,0,24.22875817,24.848021,0.093242807,37.07,,,0.126884182,0.122495707,0,0.004388475,31.08823529,0,0.0424
0.758060244,1.260186788,0,19.17167382,30.974178,0.078360758,44.67,0.205017534,,0.182950457,0.173816773,0,0.009133684,2.787462687,0,0.0666
#DIV/0!,1.178751546,0,9.084602369,36.417927,0,53.69,0.201925229,0.448340977,0.381650607,0.147046502,0,0.234604106,0.759132567,0,0.1677
#DIV/0!,0.893862289,0,7.854014599,34.69831,0,53.8,0.002048799,0.204387732,0.700151343,0.140370791,0,0.559780552,0.139321723,0,0.1768
#DIV/0!,0.710240257,0,9.397089397,26.420304,0,45.2,-0.159851301,-0.158130006,0.927660931,0.227852135,0,0.699808795,0.04019546,0,0.1195
#DIV/0!,0.706710078,0,7.876777251,25.942158,0,49.86,0.103097345,-0.073234201,0.940912314,0.163791066,0,0.777121248,-0.071397124,0,0.1468
#DIV/0!,0.768682899,0,8.415407855,24.211566,0,55.71,0.11732852,0.232522124,1.870006549,0.220366732,0,1.649639817,-0.237694727,0,0.1281
#DIV/0!,0.846601695,0,17.61011905,23.241976,0,59.17,0.062107342,0.186722824,1.673582296,0.3065929,0,1.366989396,-0.283679345,0,0.056
#DIV/0!,1.04926943,0,11.4,27.104868,0,71.82,0.213790772,0.28917609,0.687616099,0.214860681,0,0.472755418,-0.332042671,0,0.0961
#DIV/0!,1.125790982,0,9.295687885,32.00589,0,90.54,0.260651629,0.530167315,0.835953878,0.191037736,0,0.644916143,-0.115897534,0,0.1402
#DIV/0!,1.194958944,0,9.892523364,34.10487,0,105.85,0.169096532,0.473823448,1.099647983,0.197400487,0,0.902247495,0.135921303,0,0.1359
#DIV/0!,1.214457823,0,10.37316176,33.395274,0,112.86,0.066225791,0.246520875,1.154047758,0.215200932,0,0.938846826,0.294569975,0,0.1283
#DIV/0!,1.141151071,0,12.03763988,33.61268,0,118.33,0.048467127,0.117902692,0.908448862,0.196442584,0,0.712006278,0.188279978,0,0.1084
Overvaluation (FCF),Overvaluation (Earnings),FCF/PRICE,P/E,Market cap,capital invested/free cash flow (3 years,Price,Outcome short,Outcome long,capital allocation gap,%dividends,% capital expenditure,% repurchase,free cash flow trend 3 year,capital invested/free cash flow (1 year),net margins
,,,,,,,,,,,,,,,
1.417116509,0.992737035,253.3862229,19.57575758,52.827296,1.288769124,51.68,,,0.680478309,0.183537264,0.221078977,0.275862069,-0.062726176,1.191407912,0.0714
1.313422147,0.982251698,274.4589519,18.45214521,56.684354,1.526146707,55.91,0.081849845,,0.678818643,0.191970466,0.214351638,0.272496539,0.296807489,1.04704797,0.0718
1.284514041,1.09814126,243.2501599,16.85175202,62.251164,2.335113795,62.52,0.11822572,0.209752322,0.827191339,0.198001249,0.198625859,0.430564231,0.462890625,3.651802657,0.078
1.355364142,1.165027817,228.2336033,17.92505855,75.280917,1.947691259,76.54,0.224248241,0.36898587,0.794371482,0.202626642,0.216322702,0.375422139,0.551587302,0.867497404,0.0771
0.847287306,0.799132656,369.4402985,10.93877551,50.953232,3.90575128,53.6,-0.299712569,-0.142674344,0.906670995,0.196396689,0.197370557,0.512903749,0.508005553,-3.309906292,0.0785
0.96379728,1.0074125,258.0752053,16.84708738,65.019123,-17.01870324,69.41,0.294962687,-0.093153906,0.613114142,0.253315898,0.154305997,0.205492247,0.322861855,6.541907514,0.073
1.009004562,1.114508911,225.254065,16.60759494,72.522374,3.662468514,78.72,0.134130529,0.468656716,0.7653234,0.250931256,0.141889604,0.37250254,0.204119721,1.546064674,0.0837
0.885330554,0.996335288,254.6996853,13.3132969,66.30871,4.35155351,73.09,-0.071519309,0.053018297,0.728482972,0.247987616,0.14380805,0.336687307,0.087455505,27.93434343,0.0893
0.981604374,1.029770553,290.0378003,14.48939929,75.354889,0.591560972,82.01,0.122041319,0.041793699,0.709159727,0.265253596,0.443906132,0,0.126276419,0.153502173,0.0889
1.369113035,1.264901422,200.3514938,18.208,104.319322,0.524354538,113.8,0.387635654,0.55698454,0.785080704,0.277446561,0.33313945,0.174494692,0.144776119,1.934204977,0.1011
1.370287993,1.19239083,204.1304348,16.86217009,104.5787,7.896348645,115,0.010544815,0.402268016,0.781761178,0.27917121,0.298118866,0.204471101,0.174897003,-7.650817236,0.1074
1.108499743,0.911392137,235.4324971,11.15795587,80.539324,-2.595096582,96.07,-0.164608696,-0.155799649,2.256244072,0.345241859,0.33022447,1.580777743,0.08265247,-0.899384419,0.1356
1.4664126,0.98315808,202.5975193,12.90719258,91.61211,-5.727490421,111.26,0.158113875,-0.032521739,2.307924854,0.453897646,0.444396459,1.409630749,-0.0826898,0.980937857,0.1301
Overvaluation (FCF),Overvaluation (Earnings),FCF/PRICE,P/E,Market cap,capital invested/free cash flow (3 years,Price,Outcome short,Outcome long,capital allocation gap,%dividends,% capital expenditure,% repurchase,free cash flow trend 3 year,capital invested/free cash flow (1 year),net margins
,,,,,,,,,,,,,,,
1.553865033,1.715989936,257.3602908,24.05464481,56.60972,1.016190829,44.02,,,0.973744583,0.004588325,0.090746877,0.878409381,1.052920509,-0.634358883,0.0631
1.747881085,1.850182863,267.9916318,26.9004329,84.38612,10.24267782,62.14,0.411631077,,0.755571883,0.004653441,0.124663238,0.626255205,0.902038701,0.543243654,0.0664
1.241701475,1.251731517,344.2583287,18.09090909,72.26685,1.892219947,53.73,-0.135339556,0.220581554,0.47716825,0.006282562,0.111553785,0.359331903,0.998899587,22.38610039,0.0581
1.214964814,1.142435051,317.7319588,17.01754386,72.9246,3.452929875,58.2,0.083193747,-0.063405214,1.277862855,0.006806194,0.148204866,1.122851795,0.763397155,1.281946223,0.0617
0.54102582,0.528837011,742.8947368,11.08333333,32.127746,1.590158447,26.6,-0.542955326,-0.504932068,0.82869278,0.008730533,0.186644644,0.633317603,0.511581433,0.681629425,0.0367
0.601736523,0.599504825,727.1325459,9.407407407,34.96056,4.366284779,30.48,0.145864662,-0.47628866,0.457955556,0.0064,0.131377778,0.320177778,0.083126892,-2.440559441,0.0439
0.682063709,0.687820519,656.327887,8.807317073,39.21546,42.50154799,36.11,0.184711286,0.357518797,0.612784951,0.071576598,0.139964929,0.401243424,-0.021230135,2.320430108,0.0492
0.884106475,0.857168309,472.0205209,10.71458774,52.65652,2.64498202,50.68,0.403489338,0.662729659,0.676234214,0.093427095,0.153128588,0.42967853,0.133705907,1.555760612,0.0505
0.879660765,0.866801969,499.9262537,10.27272727,55.27056,1.227125106,54.24,0.070244672,0.502076987,0.695178197,0.114605171,0.149545772,0.431027254,0.295806861,0.586732234,0.05
1.123878118,1.134390922,370.2656042,13.69090909,74.3964,1.377562953,75.3,0.388274336,0.485793212,0.791446145,0.151051352,0.186954656,0.453440137,0.308502727,2.314332248,0.0459
1.402878947,1.478148365,302.9280839,17.73508772,96.43986,4.365306609,101.09,0.34249668,0.863753687,0.856415352,0.169171531,0.189417464,0.497826357,0.176561009,3.761383285,0.0431
1.549622796,1.54390349,364.6548793,19.57404326,112.11092,1.913671765,117.64,0.163715501,0.562284197,0.466324435,0.183367556,0.159753593,0.123203285,0.215042165,0.91728312,0.037
1.642874087,1.899410921,315.0573437,23.95568685,154.36557,2.676805716,162.18,0.378612717,0.604312988,0.34203194,0.145565749,0.115800204,0.080665987,0.53954722,9.073221757,0.0362
Overvaluation (FCF),Overvaluation (Earnings),FCF/PRICE,P/E,Market cap,capital invested/free cash flow (3 years,Price,Outcome short,Outcome long,capital allocation gap,%dividends,% capital expenditure,% repurchase,free cash flow trend 3 year,capital invested/free cash flow (1 year),net margins
,,,,,,,,,,,,,,,
1.163044022,1.228303317,636.6363887,13.02150538,100.632647,12.96782963,36.33,,,0.799687945,0.195585333,0.587123124,0.016979487,0.266755776,5.185590778,0.1191
0.896058029,0.974307858,988.5227693,10.19245283,74.639704,13.48052605,27.01,-0.256537297,,0.892712826,0.200998865,0.679409762,0.0123042,0.154052407,29.17768595,0.1064
1.093989292,1.005251273,931.3329486,16.3490566,100.912937,1.831996187,34.66,0.283228434,-0.04596752,0.975690699,0.195760392,0.709408446,0.070521862,0.060039017,0.567344294,0.0703
1.271352486,1.158530041,608.4849975,21.4,116.971501,1.097058679,40.66,0.173110214,0.505368382,0.977271844,0.18543844,0.681378453,0.110454952,0.083358456,1.031572327,0.0591
0.964207293,0.900333775,817.4818555,14.02212389,94.043561,1.670047108,31.69,-0.220609936,-0.085689556,0.856406721,0.181224371,0.62553979,0.049642559,0.167750404,1.407008454,0.066
0.823669779,0.957562494,940.7814014,18.00581395,91.906882,0.906367452,30.97,-0.022720101,-0.238317757,0.705415737,0.16791972,0.537496018,0,0.24681252,0.49860906,0.0454
0.818281412,1.266749729,855.1425377,39.75555556,101.150776,2.553366584,35.78,0.155311592,0.129062796,0.679075623,0.162215628,0.516859995,0,0.284402393,-1.232622161,0.0239
0.849091566,1.834865758,766.7248255,47.2,113.700882,-4.613898803,40.12,0.121296814,0.295447207,0.739422431,0.186534587,0.552887844,0,0.22132503,3.749647986,0.0217
0.92443138,3.188506947,622.9720361,139.5806452,123.690324,3.233690438,43.27,0.078514457,0.209334824,0.816331068,0.166105571,0.650225497,0,0.117410198,1.229541141,0.0076
0.929492266,1.999769176,550.4680505,12.285,145.828355,6.40763976,49.14,0.13565981,0.224825523,0.59954145,0.152918749,0.44268123,0.00394147,0.084216228,-12.12668161,0.0954
0.932908586,1.519236609,598.2684908,19.33057851,194.369029,-37.27220864,46.78,-0.048026048,0.081118558,0.827527668,0.254741928,0.57278574,0,0.067722383,23.49371634,0.0757
0.962773419,1.006204541,758.3729987,10.57665904,196.082341,4.034873507,46.22,-0.011970928,-0.059422059,1.063164655,0.219316722,0.711970203,0.131877729,0.145304294,1.035651612,0.1358
1.429399293,1.091374472,555.3152493,15.86046512,222.42113,3.798125606,54.56,0.180441367,0.166310389,0.935094018,0.322503821,0.61045747,0.002132727,-0.023879941,-7.097797927,0.1096
Overvaluation (FCF),Overvaluation (Earnings),FCF/PRICE,P/E,Market cap,capital invested/free cash flow (3 years,Price,Outcome short,Outcome long,capital allocation gap,%dividends,% capital expenditure,% repurchase,free cash flow trend 3 year,capital invested/free cash flow (1 year),net margins
,,,,,,,,,,,,,,,
,,,,0,0,0,,,#DIV/0!,#DIV/0!,#DIV/0!,#DIV/0!,,0,0.1351
,,,,0,1.386454183,0,,,0.226666667,0,0.226666667,0,,21.75,0.1543
,,,,0,-0.577981651,0,,,0.316831683,0,0.316831683,0,,-0.283950617,-0.2997
,,466.7752443,105.862069,51.841862,0.038194608,15.35,,,26.2787194,0.175141243,0.781544256,25.3220339,,0.005179496,0.1284
,1.684782609,257.0601852,22.29677419,43.607462,0.030971721,17.28,0.125732899,,5.860215054,0.569892473,0.548387097,4.741935484,2.542222222,0.4032,0.3405
2.665594855,1.419724827,188.368336,18.51445663,46.045801,0.834468463,18.57,0.074652778,0.209771987,0.597918989,0.136752137,0.089557785,0.371609067,2.958115183,0.890261628,0.3678
1.746135177,1.244282164,161.0359309,16.6124031,51.165839,1.294962531,21.43,0.154011847,0.240162037,0.723140496,0.109245868,0.091167355,0.522727273,3.792059219,1.714912281,0.3973
1.767165917,1.948604106,236.937742,42.49367089,80.016781,3.133904818,33.57,0.566495567,0.807754443,0.335595927,0.118786185,0.075064883,0.141744859,6.259723965,3.480841473,0.2057
2.174262766,2.024562993,90.72833822,25.14736842,107.962732,-7.585400425,47.78,0.423294608,1.229584694,2.217074785,0.285903375,0.155857048,1.775314361,2.148941799,-0.930342815,0.4228
1.6648431,1.712925316,112.5984252,24.69444444,116.685517,-21.99682035,53.34,0.116366681,0.588918677,0.787925052,0.13962526,0.076752255,0.571547536,1.139587137,3.14813062,0.4281
1.824690812,1.739338122,76.87338501,27,149.739743,10.26920508,69.66,0.305961755,0.457932189,0.683626974,0.178766707,0.062879708,0.441980559,0.452730729,-10.01623377,0.4559
1.910504897,1.8531464,97.29141475,33.34677419,170.244566,0.969356763,82.7,0.187194947,0.550431196,1.620021529,0.24219591,0.093828489,1.28399713,0.626732756,0.265088695,0.3972
1.903090997,1.637837303,99.28430405,32.8097166,165.48823,0.853993912,81.04,-0.020072551,0.163364915,1.620021529,0.24219591,0.093828489,1.28399713,0.163822526,#DIV/0!,0.3972
Overvaluation (FCF),Overvaluation (Earnings),FCF/PRICE,P/E,Market cap,capital invested/free cash flow (3 years,Price,Outcome short,Outcome long,capital allocation gap,%dividends,% capital expenditure,% repurchase,free cash flow trend 3 year,capital invested/free cash flow (1 year),net margins
,,,,,,,,,,,,,,,
3.636847417,1.361323067,824.0839695,21.74273859,221.8616,0.979716704,52.4,,,1.300584951,0.147168306,0.851036958,0.302379686,0.555426069,0.245777583,0.0361
2.942360637,1.096843503,1058.880937,17.20522388,192.04815,0.559534682,46.11,-0.120038168,,1.130475303,0.137656927,0.796557206,0.19626117,0.487593576,0.31758665,0.036
2.758532887,1.02905787,1093.478717,17.59778598,197.00739,0.50713295,47.69,0.034265886,-0.089885496,1.011728148,0.140437049,0.785184443,0.086106656,0.347090081,0.504057392,0.0324
,1.027578972,1152.502956,16.21086262,201.59002,0.819175573,50.74,0.063954707,0.100412058,1.287904097,0.176181586,0.733860666,0.377861845,0.329254172,0.688135163,0.0336
1.93044885,0.916488021,1175.509338,13.89970501,186.17112,2.348328201,47.12,-0.071344107,-0.011952191,0.810731412,0.161835227,0.49678144,0.152114745,0.287575333,9.547540984,0.0331
1.546006529,0.972858645,1039.547071,14.40161725,202.28598,4.199379469,53.43,0.133913413,0.053015372,0.902015315,0.160653739,0.464170064,0.277191512,0.310179011,2.271112546,0.0352
1.24590051,0.944040455,1043.053326,12.54362416,197.14212,2.614621969,56.07,0.049410444,0.189940577,1.34974411,0.18766654,0.537114579,0.624962991,0.247527627,1.398236872,0.0389
1.179937653,0.957943031,1015.319426,13.57522124,209.72848,2.031592704,61.36,0.094346353,0.148418491,1.024778396,0.208122037,0.556998557,0.259657803,0.168534191,1.099570201,0.0352
1.212682039,1.006012969,1026.704789,13.93426295,231.8143,3.941985783,69.95,0.139993481,0.247547708,1.010472432,0.209487711,0.504005314,0.296979407,0.053605735,-12.08857143,0.0363
1.207108755,1.024806371,928.561864,15.30327869,241.44044,9.408797983,74.68,0.067619728,0.217079531,1.115234123,0.263963538,0.56391624,0.287354345,0.000876244,2.195713358,0.0336
1.223428493,1.148565696,767.8630266,16.82772277,274.31544,7.009471051,84.98,0.1379218,0.214867763,0.678266349,0.216531298,0.426200812,0.035534239,0.044034148,16.77584442,0.0337
0.894721087,0.925030279,973.7643159,14.52078775,209.83032,-22.72162741,66.36,-0.219110379,-0.111408677,0.79897039,0.229800285,0.41903684,0.150133265,0.077848385,-5.592970123,0.0305
0.798270965,0.989265363,1071.087993,15.01301518,212.6955,-23.17070009,69.21,0.042947559,-0.185573076,0.799519171,0.195079306,0.334488572,0.269951293,0.203521059,40.14124294,0.0298
